"Variable / Field Name","Form Name","Section Header","Field Type","Field Label","Choices, Calculations, OR Slider Labels","Field Note","Text Validation Type OR Show Slider Number","Text Validation Min","Text Validation Max",Identifier?,"Branching Logic (Show field only if...)","Required Field?","Custom Alignment","Question Number (surveys only)","Matrix Group Name","Matrix Ranking?","Field Annotation"
awb1_1_id,module_3,,text,"Participant Study ID",,,,,,,,,,,,,
mod3_version,module_3,"<div class=""rich-text-field-label""><div class=""rich-text-field-label""> <h3>Section 1: Physical Health I</h3> </div></div>",text,Version,,,,,,,,,,,,," @DEFAULT='8' @HIDDEN-SURVEY @HIDDEN-APP @HIDDEN-PDF"
year_group,module_3,,text,"Year Group:",,,,,,,,,,,,," @HIDDEN"
mod4_infographic,module_3,,descriptive,"<div class=""rich-text-field-label""></div>",,,,,,,,,,,,,
dummy_genhlth_header,module_3,,descriptive,"<div class=""rich-text-field-label""><h4>General health</h4> <p><span style=""font-weight: normal;"">This part of the survey will ask you questions about your health (e.g. your sleep, what you eat, your physical activity).</span></p> <p><span style=""font-weight: normal;"">Your answers in this section will help doctors, nurses and local charities understand how best to support good general health across Bradford.</span></p> <p><span style=""font-weight: normal;"">Remember, if you do not want to answer a question, you can skip it.</span></p></div>",,,,,,,,,,,,,
awb5_1_general_hlth,module_3,,radio,"How good is your health in general?","1, Very good | 2, Good | 3, Fair | 4, Bad | 5, Very Bad",,,,,,,,LV,,,,
dummy_hearing_sght_header,module_3,,descriptive,"<div class=""rich-text-field-label""><h4>Hearing and Sight</h4> <p>",,,,,,,,,,,,,
awb5_1_hearing_sght_1,module_3,,yesno,"<div class=""rich-text-field-label""><p>Do you wear glasses or contact lenses?</p></div>",,,,,,,,,LV,,,,
awb5_1_hearing_sght_2,module_3,,yesno,"<div class=""rich-text-field-label""><p>Do you have any difficulty seeing?</p></div>",,,,,,,,,LV,,,,
awb5_1_hearing_sght_3,module_3,,yesno,"<div class=""rich-text-field-label""><p>Do you have any difficulty hearing or use a hearing aid, including if you cannot hear at all?</p></div>",,,,,,,,,LV,,,,
awb5_1_hearing_sght_4,module_3,,radio,"<div class=""rich-text-field-label""><p>Have you ever had your eyes tested outside of school?</p></div>","1, No | 2, Not sure | 3, Yes",,,,,,,,LV,,,,
awb5_1_food_dt_1,module_3,"<div class=""rich-text-field-label""><div class=""rich-text-field-label""><h4>Food and Diet</h4></div></div>",radio,"<div class=""rich-text-field-label""><p>How often do you and your family usually have meals together?</p></div>","1, Every day | 2, Most days | 3, About once a week | 4, Less often | 5, Never",,,,,,,,LV,,,,
awb5_1_food_dt_2,module_3,,radio,"<div class=""rich-text-field-label""><p>How often do you eat breakfast over a week?</p></div>","1, Every day | 2, Most days | 3, About once a week | 4, Less often | 5, Never",,,,,,,,LV,,,,
awb5_1_food_dt_3,module_3,,radio,"<div class=""rich-text-field-label""><p>How often do you eat at least 2 portions of fruit per day?</p></div>","1, Every day | 2, Most days | 3, About once a week | 4, Less often | 5, Never",,,,,,,,LV,,,,
awb5_1_food_dt_4,module_3,,radio,"<div class=""rich-text-field-label""><p>How often do you eat at least 2 portions of vegetables per day?</p></div>","1, Every day | 2, Most days | 3, About once a week | 4, Less often | 5, Never",,,,,,,,LV,,,,
awb5_1_food_dt_5,module_3,,radio,"<div class=""rich-text-field-label""><p>How often do you drink diet drinks or sugar free drinks like diet cola or sugar-free squash?</p></div>","1, Every day | 2, Most days | 3, About once a week | 4, Less often | 5, Never",,,,,,,,LV,,,,
awb5_1_food_dt_6,module_3,,radio,"<div class=""rich-text-field-label""><p>How often do you drink sugary drinks like regular cola or squash?</p></div>","1, Every day | 2, Most days | 3, About once a week | 4, Less often | 5, Never","hidden from v7",,,,,,,LV,,,," @HIDDEN @HIDDEN-PDF
hidden from v7"
awb5_1_food_dt_6_r7,module_3,,radio,"<div class=""rich-text-field-label""><p>How often do you drink sugary drinks like regular cola or squash?</p></div>","1, Every day | 2, Most days | 3, About once a week | 4, Less often | 5, Never",,,,,,,,LV,,,,
awb5_1_food_dt_7,module_3,,radio,"<div class=""rich-text-field-label""><p>How often do you eat fast food such as McDonalds, Burger King, KFC or other fast food like that?</p></div>","1, Every day | 2, Most days | 3, About once a week | 4, Less often | 5, Never",,,,,,,,LV,,,,
awb5_1_food_dt_8,module_3,,radio,"<div class=""rich-text-field-label""><p>How would you describe your diet?</p></div>","1, Very unhealthy | 2, Unhealthy | 3, Neither healthy nor unhealthy | 4, Healthy | 5, Very healthy",,,,,,,,LV,,,,
awb5_1_food_dt_9,module_3,,radio,"When choosing what to eat, do you consider your health?","1, Never | 2, Sometimes | 3, Quite often | 4, Always","[hidden from V[5]]",,,,,,,LV,,,," @HIDDEN @HIDDEN-PDF"
awb4_5_location_1,module_3,,radio,"Where do you normally eat your meals?	","1, At a table | 2, In front of the television | 3, Somewhere else (please descirbe)",,,,,,,,LV,,,,
awb4_5_location_2,module_3,,text,"Please describe: ",,,,,,,"[awb4_5_location_1] = '3'",,LV,,,," @WORDLIMIT=25"
dummy_eating_habits_header,module_3,,descriptive,"<div class=""rich-text-field-label""><h4>Eating Habits</h4> <p><span style=""font-weight: normal;"">The next questions will ask you about food and whether you are happy with your size or the way you look.  Some people can get quite worried about these things, but may find it difficult to speak about them, whereas others will not worry about them at all. </span></p> <p><span style=""font-weight: normal;"">It is incredibly valuable to us if you can answer these questions <u>even if this is something that does not give you any concern.</u> It will help us understand what type of support is needed for teenagers, and help local services and organisations to improve things for young people.</span></p> <p><span style=""font-weight: normal;"">Please remember, all of your responses are completely confidential and if you really do not want to answer a question, you can skip it. If anything upsets you, please talk to your teacher or access the information provided at the end of the survey.</span></p> <p> </p> <p>On how many of the past 7 days...</p></div>",,,,,,,,,,,,,
awb2_12_eat_hbt_1_a5,module_3,,radio,"<div class=""rich-text-field-label""><p>Have you been deliberately trying to limit the amount of food you eat to influence your weight or shape (whether or not you have succeeded)?</p></div>","1, 0 days | 2, 1-2 days | 3, 3-5 days | 4, 6-7 days",,,,,,,,LV,,,,
awb2_12_eat_hbt_2_a5,module_3,,radio,"Have you gone for long periods of time (e.g., 8 or more waking hours) without eating anything at all in order to influence your weight or shape?","1, 0 days | 2, 1-2 days | 3, 3-5 days | 4, 6-7 days",,,,,,,,LV,,,,
awb2_12_eat_hbt_3_a5,module_3,,radio,"Has thinking about food, eating or calories made it very difficult to concentrate on things you are interested in (such as working, following a conversation or reading)?","1, 0 days | 2, 1-2 days | 3, 3-5 days | 4, 6-7 days",,,,,,,,LV,,,,
awb2_12_eat_hbt_4_a5,module_3,,radio,"Has thinking about your weight or shape made it very difficult to concentrate on things you are interested in (such as working, following a conversation or reading)?","1, 0 days | 2, 1-2 days | 3, 3-5 days | 4, 6-7 days",,,,,,,,LV,,,,
awb2_12_eat_hbt_5_a5,module_3,,radio,"Have you had a definite fear that you might gain weight?","1, 0 days | 2, 1-2 days | 3, 3-5 days | 4, 6-7 days",,,,,,,,LV,,,,
awb2_12_eat_hbt_6_a5,module_3,,radio,"Have you had a strong desire to lose weight?","1, 0 days | 2, 1-2 days | 3, 3-5 days | 4, 6-7 days",,,,,,,,LV,,,,
awb2_12_eat_hbt_7_a5,module_3,,radio,"Have you tried to control your weight or shape by making yourself sick (vomit) or taking laxatives?      ","1, 0 days | 2, 1-2 days | 3, 3-5 days | 4, 6-7 days",,,,,,,,LV,,,,
awb2_12_eat_hbt_8_a5,module_3,,radio,"Have you exercised in a driven or compulsive way to control your weight, shape or body fat, or to burn off calories?","1, 0 days | 2, 1-2 days | 3, 3-5 days | 4, 6-7 days",,,,,,,,LV,,,,
awb2_12_eat_hbt_9_a5,module_3,,radio,"Have you felt like you had lost control over your eating (at the time that you were eating)?","1, 0 days | 2, 1-2 days | 3, 3-5 days | 4, 6-7 days",,,,,,,,LV,,,,
awb2_12_eat_hbt_10_a5,module_3,,radio,"On how many of these days ( i.e. days on which you had a sense of having lost control over your eating) did you eat what other people would regard as an unusually large amount of food in one go?","1, 0 days | 2, 1-2 days | 3, 3-5 days | 4, 6-7 days",,,,,,"[awb2_12_eat_hbt_9_a5] = '2' or [awb2_12_eat_hbt_9_a5] = '3' or [awb2_12_eat_hbt_9_a5] = '4'",,LV,,,,
awb2_12_wght_1_a5,module_3,,radio,"<div class=""rich-text-field-label""><p>Over the past 7 days....<br /><br />Has your weight or shape influenced how you think about (judge) yourself as a person?</p></div>","1, Not at all | 2, Slightly | 3, Moderately | 4, Markedly",,,,,,,,LV,,,,
awb2_12_wght_2_a5,module_3,,radio,"<p>Over the past 7 days....<br /><br />How dissatisfied have you been with your weight or shape?</p>","1, Not at all | 2, Slightly | 3, Moderately | 4, Markedly",,,,,,,,LV,,,,
awb5_1_oral_hlth_1,module_3,"<div class=""rich-text-field-label""><h4>Oral Health</h4> <p><span style=""font-weight: normal;"">In this part of the survey, you will be asked questions about your oral health. Remember, if you do not want to answer a question, you can skip it.</span></p></div>",radio,"How often do you brush your teeth?","1, More than once a day | 2, Once a day | 3, At least once a week but not daily | 4, Less than once a week | 5, Never",,,,,,,,LV,,,,
awb5_1_oral_hlth_2,module_3,,radio,"How many times did you clean your teeth yesterday?","1, None | 2, Once | 3, Twice | 4, Three times or more",,,,,,,,LV,,,,
awb5_1_oral_hlth_3,module_3,,radio,"Do you have a dentist that you see every six months or so?","1, No | 2, Not sure | 3, Yes",,,,,,,,LV,,,,
awb5_1_oral_hlth_4,module_3,,radio,"Why did you go to the dentist last time?	","1, I have never been | 2, I was having trouble with my teeth | 3, I went for a check up | 4, Other reason (please describe)",,,,,,,,LV,,,,
awb5_1_oral_hlth_5,module_3,,text," Please describe:",,,,,,,"[awb5_1_oral_hlth_4] = '4'",,LV,,,," @WORDLIMIT=25"
dummy_pa_header,module_3,,descriptive,"<h4>Physical Activity</h4> <p>",,,,,,,,,,,,," @HIDDEN @HIDDEN-PDF"
awb4_1_physical_actvty_1,module_3,,radio,"<div class=""rich-text-field-label""><p>In the last 7 days, on how many mornings did you actively travel to school?</p> <p><span style=""font-weight: normal;"">For example walking, cycling, scootering, and skatebo</span></p></div>","1, None | 2, 1 time last week | 3, 2 or 3 times last week | 4, 4 times last week | 5, 5 times last week","[hidden from V[5]]",,,,,,,LV,,,," @HIDDEN @HIDDEN-PDF"
awb4_1_physical_actvty_2,module_3,,radio,"<div class=""rich-text-field-label""><p>In the last 7 days, during your <span style=""text-decoration: underline;"">physical education</span> (PE) classes, how often were you very active (playing hard, running, jumping, throwing)?</</p></div>","1, I don't do PE | 2, Hardly ever | 3, Sometimes | 4, Quite often | 5, Always","[hidden from V[5]]",,,,,,,LV,,,," @HIDDEN @HIDDEN-PDF"
awb4_1_physical_actvty_3,module_3,,radio,"<div class=""rich-text-field-label""><p>In the last 7 days, what did you normally do at <span style=""text-decoration: underline;"">lunch</span> (besides eating lunch)?</</p></div>","1, Sat down (talking, reading, doing schoolwork) | 2, Stood around or walked around | 3, Ran or played a little bit | 4, Ran around and played quite a bit | 5, Ran and played hard most of the time","[hidden from V[5]]",,,,,,,LV,,,," @HIDDEN @HIDDEN-PDF"
awb4_1_physical_actvty_4,module_3,,radio,"<div class=""rich-text-field-label""><p>In the last 7 days, what did you normally do at <span style=""text-decoration: underline;"">break time</span>?</</p></div>","1, Sat down (talking, reading, doing schoolwork) | 2, Stood around or walked around | 3, Ran or played a little bit | 4, Ran around and played quite a bit | 5, Ran and played hard most of the time","[hidden from V[5]]",,,,,,,LV,,,," @HIDDEN @HIDDEN-PDF"
awb4_1_physical_actvty_5,module_3,,radio,"<div class=""rich-text-field-label""><p>In the last 7 days, on how many afternoons did you actively travel (for example, walking, cyclicing, scootering, and skateboarding) <span style=""text-decoration: underline;"">from school</span>?</p></div>","1, None | 2, 1 time last week | 3, 2 or 3 times last week | 4, 4 times last week | 5, 5 times last week","[hidden from V[5]]",,,,,,,LV,,,," @HIDDEN @HIDDEN-PDF"
awb4_1_physical_actvty_6,module_3,,radio,"<div class=""rich-text-field-label""><p>In the last 7 days, on how many days <span style=""text-decoration: underline;"">right after school</span>, did you do sports, dance, or play games in which you were very active?","1, None | 2, 1 time last week | 3, 2 or 3 times last week | 4, 4 times last week | 5, 5 times last week","[hidden from V[5]]",,,,,,,LV,,,," @HIDDEN @HIDDEN-PDF"
awb4_1_physical_actvty_7,module_3,,radio,"<div class=""rich-text-field-label""><p>In the last 7 days, on how many <span style=""text-decoration: underline;"">evenings</span> did you do sports, dance, or play games in which you were very active?</p></div>","1, None | 2, 1 time last week | 3, 2 or 3 times last week | 4, 4 or 5 times last week | 5, 6 or 7 times last week","[hidden from V[5]]",,,,,,,LV,,,," @HIDDEN @HIDDEN-PDF"
awb4_1_physical_actvty_8,module_3,,radio,"<div class=""rich-text-field-label""><p>On the <span style=""text-decoration: underline;"">last weekend</span>, how many times did you do sports, dance, or play games in which you were very active?</p></div>","1, None | 2, 1 time | 3, 2 - 3 times | 4, 4 - 5 times | 5, 6 or more times","[hidden from V[5]]",,,,,,,LV,,,," @HIDDEN @HIDDEN-PDF"
awb4_1_sick,module_3,,radio,"<div class=""rich-text-field-label""><p>Were you <span style=""text-decoration: underline;"">sick</span> last week, or did anything prevent you from doing your normal physical activities?</p></div>","1, Yes | 2, No","[hidden from V[5]]",,,,,,,LV,,,," @HIDDEN @HIDDEN-PDF"
awb4_1y_sick,module_3,,text,"<div class=""rich-text-field-label""><p>What prevented you?</p></div>",,"[hidden from V[5]]",,,,,"[awb4_1_sick] = '1'",,LV,,,," @WORDLIMIT=25 @HIDDEN @HIDDEN-PDF"
dummy_puberty_header,module_3,,descriptive,"<div class=""rich-text-field-label""><h4>Puberty</h4> <p><span style=""font-weight: normal;"">In this part of the survey you will be asked questions about your experience of going through puberty and some of the changes your body may go through. Remember, all of your responses are completely confidential, and if you do not want to answer a question, you can skip it.</span></p></div>",,,,,,,,,,,,,
awb4_4_sex,module_3,,radio,"<div class=""rich-text-field-label""><p>What is your sex?</p> <p><span style=""font-weight: normal;"">The biological sex on your birth certificate</span></p></div>","1, Female | 2, Male | 3, Do not wish to answer | 4, Wish to enter own response",,,,,,,,LV,,,,
awb4_4_sex_othr,module_3,,text,"Space to self describe",,,,,,,"[awb4_4_sex] = '4'",,LV,,,,
awb4_4_growth_sprt,module_3,,radio,"<div class=""rich-text-field-label""><p>During puberty you may experience a growth spurt. How would you describe your growth spurt?</p> <p><span style=""font-weight: normal;"">A growth spurt ","1, My growth spurt has not yet begun | 2, My growth spurt has barely started | 3, My growth spurt has definitely started | 4, My growth spurt seems completed",,,,,,,,LV,,,,
awb4_4_body_hr,module_3,,radio,"<div class=""rich-text-field-label""><p>During puberty you may begin to grow body hair. How would you describe the growth of your body hair?</p> <p><span style=""font-weight: normal;"">By ""Body hair"" we mean hair any place other than your head or face, such as under your arms.</span></p></div>","1, My body hair has not yet begun to grow | 2, My body hair has barely started to grow | 3, My body hair has definitely started to grow | 4, My body hair growth seems completed",,,,,,,,LV,,,,
awb4_4_skin,module_3,,radio,"<div class=""rich-text-field-label""><p>During puberty you may notice changes to your skin such as spots. How would you describe the changes to your skin?</p></div>","1, My skin has not yet started changing | 2, My skin has barely started changing | 3, My skin has definitely started changing | 4, My skin changes seem completed",,,,,,,,LV,,,,
awb4_4by_gendersex_m,module_3,,radio,"<div class=""rich-text-field-label""><p>During puberty you may notice your voice getting deeper. How would you describe your voice?</p></div>","1, My voice has not yet started getting deeper | 2, My voice has barely started getting deeper | 3, My voice has definitely started getting deeper | 4, My voice change seems completed",,,,,,"[awb4_4_sex] = '2'",,LV,,,,
awb4_4y_gendersex_m_1,module_3,,radio,"<div class=""rich-text-field-label""><p>During puberty you may begin to grow facial hair. How would you describe the growth of your facial hair?</p> <p><span style=""font-weight: normal;"">By facial hair we mean hair on your face, such as on your top lip or chin.</span></p></div>","1, My facial hair has not yet started to grow | 2, My facial hair has barely started to grow | 3, My facial hair has definitely started to grow | 4, My facial hair growth seems completed",,,,,,"[awb4_4_sex] = '2'",,LV,,,,
awb4_4y_gendersex_f_1,module_3,,radio,"<div class=""rich-text-field-label""><p>During puberty you may notice your breasts begin to grow. How would you describe the growth of your breasts?</p></div>","1, My breasts have not yet started to grow | 2, My breasts have barely started to grow | 3, My breasts have definitely started to grow | 4, My breast growth seems completed",,,,,,"[awb4_4_sex] = '1'",,LV,,,,
awb4_4y_gendersex_f_2,module_3,,radio,"Have you started your periods?","1, Yes | 2, No",,,,,,"[awb4_4_sex] = '1'",,LV,,,,
awb4_4y_gendersex_y_f_2,module_3,,text,"<div class=""rich-text-field-label""><p>How old were you when you had your first period?</p> <p><span style=""font-weight: normal;"">Please enter your age in years</span></p></div>",,,integer,,,,"[awb4_4y_gendersex_f_2] = '1'",,LH,,,,
awb4_2_outside_schl_1,module_3,,radio,"<div class=""rich-text-field-label""><p>Watching TV<span style=""font-weight: normal;""> </span>outside of school time</p> <p><span style=""font-weight: normal;"">This includes time spent watching TV programmes, movies or sports but NOT time spent playing video games</span></p></div>","1, Did not do | 2, Less than 1 hour per day | 3, 1 to 2 hours per day | 4, 2 to 3 hours per day | 5, 3 hours per day or more","[hidden from V[5]]",,,,,,,LV,,,," @HIDDEN @HIDDEN-PDF"
awb4_2_outside_schl_2,module_3,,radio,"<div class=""rich-text-field-label""><p><span style=""font-weight: normal;""><strong>Playing video games </strong></span>outside of school time</p> <p><span style=""font-weight: normal;"">This includes games on things like Nintendo DS, wii, Xbox, PlayStation, iPod Touch, iPad, or games on your PC and phone</span></p></div>","1, Did not do | 2, Less than 1 hour per day | 3, 1 to 2 hours per day | 4, 2 to 3 hours per day | 5, 3 hours per day or more","[hidden from V[5]]",,,,,,,LV,,,," @HIDDEN @HIDDEN-PDF"
awb4_2_outside_schl_3,module_3,,radio,"<div class=""rich-text-field-label""><p><span style=""font-weight: normal;""><strong>Using Computers or tablets o</strong></span>utside of school time</p> <p><span style=""font-weight: normal;"">This doesn't include homework time and playing online video games or computer games, but does include time on things like Instagram and Facebook, as well as time spent on the internet, and messaging like whatsapp</span></p></div>","1, Did not do | 2, Less than 1 hour per day | 3, 1 to 2 hours per day | 4, 2 to 3 hours per day | 5, 3 hours per day or more","[hidden from V[5]]",,,,,,,LV,,,," @HIDDEN @HIDDEN-PDF"
awb4_2_outside_schl_4,module_3,,radio,"<div class=""rich-text-field-label""><p><span style=""font-weight: normal;""><strong>Using a mobile phon</strong></span><strong>e a</strong>fter school</p> <p><span style=""font-weight: normal;"">This includes time spent talking, texting, or using things like social media but does not include playing games</span></p></div>","1, Did not do | 2, Less than 1 hour per day | 3, 1 to 2 hours per day | 4, 2 to 3 hours per day | 5, 3 hours per day or more","[hidden from V[5]]",,,,,,,LV,,,," @HIDDEN @HIDDEN-PDF"
awb4_2_overall,module_3,,radio,"<div class=""rich-text-field-label""><p>Which of the following best describes your <span style=""text-decoration: underline;"">typical</span> sedentary habits at home?</p> <p><span style=""font-weight: normal;"">Try to think about a typical week and not just last week</span></p></div>","1, I spend almost none of my free time sitting | 2, I spend little time sitting during my free time | 3, I spend about half of my free time sitting | 4, I spend a lot of time sitting during my free time | 5, I spend almost all of my free time sitting","[hidden from V[5]]",,,,,,,LV,,,," @HIDDEN @HIDDEN-PDF"
dummy_sleep_header,module_3,,descriptive,"<h4>Sleep</h4> <p>",,,,,,,,,,,,," @HIDDEN @HIDDEN-PDF"
awb4_3_times2,module_3,,dropdown,"On a weekday, what time do you normally switch your lights off to go to sleep?","1, 00:00 | 2, 00:15 | 3, 00:30 | 4, 00:45 | 5, 01:00 | 6, 01:15 | 7, 01:30 | 8, 01:45 | 9, 02:00 | 10, 02:15 | 11, 02:30 | 12, 02:45 | 13, 03:00 | 14, 03:15 | 15, 03:30 | 16, 03:45 | 17, 04:00 | 18, 04:15 | 19, 04:30 | 20, 04:45 | 21, 05:00 | 22, 05:15 | 23, 05:30 | 24, 05:45 | 25, 06:00 | 26, 06:15 | 27, 06:30 | 28, 06:45 | 29, 07:00 | 30, 07:15 | 31, 07:30 | 32, 07:45 | 33, 08:00 | 34, 08:15 | 35, 08:30 | 36, 08:45 | 37, 09:00 | 38, 09:15 | 39, 09:30 | 40, 09:45 | 41, 10:00 | 42, 10:15 | 43, 10:30 | 44, 10:45 | 45, 11:00 | 46, 11:15 | 47, 11:30 | 48, 11:45 | 49, 12:00 | 50, 12:15 | 51, 12:30 | 52, 12:45 | 53, 13:00 | 54, 13:15 | 55, 13:30 | 56, 13:45 | 57, 14:00 | 58, 14:15 | 59, 14:30 | 60, 14:45 | 61, 15:00 | 62, 15:15 | 63, 15:30 | 64, 15:45 | 65, 16:00 | 66, 16:15 | 67, 16:30 | 68, 16:45 | 69, 17:00 | 70, 17:15 | 71, 17:30 | 72, 17:45 | 73, 18:00 | 74, 18:15 | 75, 18:30 | 76, 18:45 | 77, 19:00 | 78, 19:15 | 79, 19:30 | 80, 19:45 | 81, 20:00 | 82, 20:15 | 83, 20:30 | 84, 20:45 | 85, 21:00 | 86, 21:15 | 87, 21:30 | 88, 21:45 | 89, 22:00 | 90, 22:15 | 91, 22:30 | 92, 22:45 | 93, 23:00 | 94, 23:15 | 95, 23:30 | 96, 23:45","[hidden from V[5]]",,,,,,,LV,,,," @HIDDEN @HIDDEN-PDF"
awb4_3_times3,module_3,,dropdown,"On a weekday, what time do you normally wake up?","1, 00:00 | 2, 00:15 | 3, 00:30 | 4, 00:45 | 5, 01:00 | 6, 01:15 | 7, 01:30 | 8, 01:45 | 9, 02:00 | 10, 02:15 | 11, 02:30 | 12, 02:45 | 13, 03:00 | 14, 03:15 | 15, 03:30 | 16, 03:45 | 17, 04:00 | 18, 04:15 | 19, 04:30 | 20, 04:45 | 21, 05:00 | 22, 05:15 | 23, 05:30 | 24, 05:45 | 25, 06:00 | 26, 06:15 | 27, 06:30 | 28, 06:45 | 29, 07:00 | 30, 07:15 | 31, 07:30 | 32, 07:45 | 33, 08:00 | 34, 08:15 | 35, 08:30 | 36, 08:45 | 37, 09:00 | 38, 09:15 | 39, 09:30 | 40, 09:45 | 41, 10:00 | 42, 10:15 | 43, 10:30 | 44, 10:45 | 45, 11:00 | 46, 11:15 | 47, 11:30 | 48, 11:45 | 49, 12:00 | 50, 12:15 | 51, 12:30 | 52, 12:45 | 53, 13:00 | 54, 13:15 | 55, 13:30 | 56, 13:45 | 57, 14:00 | 58, 14:15 | 59, 14:30 | 60, 14:45 | 61, 15:00 | 62, 15:15 | 63, 15:30 | 64, 15:45 | 65, 16:00 | 66, 16:15 | 67, 16:30 | 68, 16:45 | 69, 17:00 | 70, 17:15 | 71, 17:30 | 72, 17:45 | 73, 18:00 | 74, 18:15 | 75, 18:30 | 76, 18:45 | 77, 19:00 | 78, 19:15 | 79, 19:30 | 80, 19:45 | 81, 20:00 | 82, 20:15 | 83, 20:30 | 84, 20:45 | 85, 21:00 | 86, 21:15 | 87, 21:30 | 88, 21:45 | 89, 22:00 | 90, 22:15 | 91, 22:30 | 92, 22:45 | 93, 23:00 | 94, 23:15 | 95, 23:30 | 96, 23:45","[hidden from V[5]]",,,,,,,LV,,,," @HIDDEN @HIDDEN-PDF"
awb4_3_times4,module_3,,dropdown,"On a weekend day, what time do you normally switch your lights off to go to sleep?","1, 00:00 | 2, 00:15 | 3, 00:30 | 4, 00:45 | 5, 01:00 | 6, 01:15 | 7, 01:30 | 8, 01:45 | 9, 02:00 | 10, 02:15 | 11, 02:30 | 12, 02:45 | 13, 03:00 | 14, 03:15 | 15, 03:30 | 16, 03:45 | 17, 04:00 | 18, 04:15 | 19, 04:30 | 20, 04:45 | 21, 05:00 | 22, 05:15 | 23, 05:30 | 24, 05:45 | 25, 06:00 | 26, 06:15 | 27, 06:30 | 28, 06:45 | 29, 07:00 | 30, 07:15 | 31, 07:30 | 32, 07:45 | 33, 08:00 | 34, 08:15 | 35, 08:30 | 36, 08:45 | 37, 09:00 | 38, 09:15 | 39, 09:30 | 40, 09:45 | 41, 10:00 | 42, 10:15 | 43, 10:30 | 44, 10:45 | 45, 11:00 | 46, 11:15 | 47, 11:30 | 48, 11:45 | 49, 12:00 | 50, 12:15 | 51, 12:30 | 52, 12:45 | 53, 13:00 | 54, 13:15 | 55, 13:30 | 56, 13:45 | 57, 14:00 | 58, 14:15 | 59, 14:30 | 60, 14:45 | 61, 15:00 | 62, 15:15 | 63, 15:30 | 64, 15:45 | 65, 16:00 | 66, 16:15 | 67, 16:30 | 68, 16:45 | 69, 17:00 | 70, 17:15 | 71, 17:30 | 72, 17:45 | 73, 18:00 | 74, 18:15 | 75, 18:30 | 76, 18:45 | 77, 19:00 | 78, 19:15 | 79, 19:30 | 80, 19:45 | 81, 20:00 | 82, 20:15 | 83, 20:30 | 84, 20:45 | 85, 21:00 | 86, 21:15 | 87, 21:30 | 88, 21:45 | 89, 22:00 | 90, 22:15 | 91, 22:30 | 92, 22:45 | 93, 23:00 | 94, 23:15 | 95, 23:30 | 96, 23:45","[hidden from V[5]]",,,,,,,LV,,,," @HIDDEN @HIDDEN-PDF"
awb4_3_times5,module_3,,dropdown,"On a weekend day, what time do you normally wake up?","1, 00:00 | 2, 00:15 | 3, 00:30 | 4, 00:45 | 5, 01:00 | 6, 01:15 | 7, 01:30 | 8, 01:45 | 9, 02:00 | 10, 02:15 | 11, 02:30 | 12, 02:45 | 13, 03:00 | 14, 03:15 | 15, 03:30 | 16, 03:45 | 17, 04:00 | 18, 04:15 | 19, 04:30 | 20, 04:45 | 21, 05:00 | 22, 05:15 | 23, 05:30 | 24, 05:45 | 25, 06:00 | 26, 06:15 | 27, 06:30 | 28, 06:45 | 29, 07:00 | 30, 07:15 | 31, 07:30 | 32, 07:45 | 33, 08:00 | 34, 08:15 | 35, 08:30 | 36, 08:45 | 37, 09:00 | 38, 09:15 | 39, 09:30 | 40, 09:45 | 41, 10:00 | 42, 10:15 | 43, 10:30 | 44, 10:45 | 45, 11:00 | 46, 11:15 | 47, 11:30 | 48, 11:45 | 49, 12:00 | 50, 12:15 | 51, 12:30 | 52, 12:45 | 53, 13:00 | 54, 13:15 | 55, 13:30 | 56, 13:45 | 57, 14:00 | 58, 14:15 | 59, 14:30 | 60, 14:45 | 61, 15:00 | 62, 15:15 | 63, 15:30 | 64, 15:45 | 65, 16:00 | 66, 16:15 | 67, 16:30 | 68, 16:45 | 69, 17:00 | 70, 17:15 | 71, 17:30 | 72, 17:45 | 73, 18:00 | 74, 18:15 | 75, 18:30 | 76, 18:45 | 77, 19:00 | 78, 19:15 | 79, 19:30 | 80, 19:45 | 81, 20:00 | 82, 20:15 | 83, 20:30 | 84, 20:45 | 85, 21:00 | 86, 21:15 | 87, 21:30 | 88, 21:45 | 89, 22:00 | 90, 22:15 | 91, 22:30 | 92, 22:45 | 93, 23:00 | 94, 23:15 | 95, 23:30 | 96, 23:45","[hidden from V[5]]",,,,,,,LV,,,," @HIDDEN @HIDDEN-PDF"
awb4_3_bed,module_3,,radio,"Did you go to sleep last night soon after going to bed?","1, Yes | 2, No","[hidden from V[5]]",,,,,,,LV,,,," @HIDDEN @HIDDEN-PDF"
awb4_3n_bed_1,module_3,,checkbox,"<div class=""rich-text-field-label""><p>If not, why didn't you soon go to sleep last night?</p> <p><span style=""font-weight: normal;"">Please tick all that apply.</span></p></div>","1, I was worried | 2, It was noisy | 3, I was hungry/thirsty | 4, I never sleep well | 5, Watching TV/videos | 6, I was reading | 7, Playing on tablet or phone | 8, I was too cold/too hot | 9, Other (please describe)","[hidden from V[5]]",,,,,"[awb4_3_bed] = '2'",,LV,,,," @HIDDEN @HIDDEN-PDF"
awb4_3n_bed_2,module_3,,text,"Please describe:",,"[hidden from V[5]]",,,,,"[awb4_3n_bed_1(9)] = '1'",,LV,,,," @WORDLIMIT=25 @HIDDEN @HIDDEN-PDF"
awb4_4y_ph_otherq,module_3,,text,"<div class=""rich-text-field-label""><p>If you could ask every teenager in Bradford any question about their physical health, what would it be?</p></div>",,,,,,,,,LV,,,," @WORDLIMIT=50"
mod5_infographic,module_3,"<div class=""rich-text-field-label""><h4>Section 2: Health Behaviours</h4></div>",descriptive,,,,,,,,,,,,,,
dummy_smk_header,module_3,,descriptive,"<div class=""rich-text-field-label""><h4>Smoking and Vaping</h4> <p><span style=""font-weight: normal;"">Remember, all of your responses are completely confidential. If you do not want to answer a question, you can skip it.</span></p></div>",,,,,,,,,,,,,
awb5_1_cigs_a5,module_3,,yesno,"<p>Have you ever smoked cigarettes?</p> <p><span style=""font-weight: normal;"">(not including vape/e-cigarettes)</span></p>",,,,,,,,,LV,,,,
awb5_1_cigs2_a5,module_3,,radio,"If yes, how often do you smoke cigarettes?","1, I have only ever tried smoking cigarettes once | 2, I used to smoke sometimes but I never smoke now | 3, I sometimes smoke cigarettes, but less than one a week | 4, I usually smoke between one and six cigarettes a week | 5, I usually smoke more than six cigarettes a week",,,,,,"[awb5_1_cigs_a5] = '1'",,LV,,,,
awb5_2_smoke,module_3,,radio,"<div class=""rich-text-field-label""><p>Please read the following statements carefully and decide which ONE best describes you.</p> <p><span style=""font-weight: normal;"">Do not include electronic cigarettes (e-cigarettes).</span></p></div>","1, I have never smoked cigarettes | 2, I have only ever tried smoking cigarettes once | 3, I used to smoke sometimes but I never smoke a cigarette now | 4, I sometimes smoke cigarettes now but I don't smoke as many as one a week | 5, I usually smoke between one and six cigarettes a week | 6, I usually smoke more than six cigarettes a week","[hidden from v[4]]",,,,,,,LV,,,," @HIDDEN @HIDDEN-PDF"
awb5_2_smoke_r4,module_3,,radio,"<div class=""rich-text-field-label""><p>Please read the following statements carefully and decide which ONE best describes you.</p> <p><span style=""font-weight: normal;"">Do not include electronic cigarettes (e-cigarettes).</span></p></div>","1, I have never smoked cigarettes | 2, I have only ever tried smoking cigarettes once | 3, I used to smoke sometimes but I never smoke now | 4, I sometimes smoke cigarettes but less than one a week | 5, I usually smoke between one and six cigarettes a week | 6, I usually smoke more than six cigarettes a week","[hidden from v[5]]",,,,,,,LV,,,," @HIDDEN @HIDDEN-PDF"
awb5_3_smoke,module_3,,text,"<div class=""rich-text-field-label""><p>How old were you when you first tried smoking a cigarette, even if it was only a drag or two?</p> <p><span style=""font-weight: normal;"">Age in years:</span></p></div>",,,integer,1,18,,"[awb5_1_cigs_a5] = '1'",,LV,,,,
dummy_vape_header,module_3,,descriptive,"<div class=""rich-text-field-label""><h4>Vape</h4></div>",,,,,,,,,,,,," @HIDDEN @HIDDEN-PDF"
awb5_2_evr_vaped_a5,module_3,,yesno,"Have you ever vaped/used an e-cigerette?",,,,,,,,,LV,,,,
awb5_2_vape,module_3,,radio,"Please read the following statements carefully and decide which ONE best describes you.","1, I have never tried an e-cigarette or vaping device | 2, I have only ever tried an e-cigarette or vaping device once | 3, I used to use an e-cigarette or vaping device sometimes but I never use an e-cigarette or vaping device now | 4, I sometimes use an e-cigarette or vaping device now but I don't use an e-cigarette or vaping device as often as one a week | 5, I usually use an e-cigarette or vaping device between one and six times a week | 6, I usually use an e-cigarette or vaping device more than six times a week","[hidden from v[4]]",,,,,,,LV,,,," @HIDDEN @HIDDEN-PDF"
awb5_2_vape_r4,module_3,,radio,"Please read the following statements carefully and decide which ONE best describes you.","1, I have never tried an e-cigarette or vaping device | 2, I have only ever tried an e-cigarette or vaping device once | 3, I used to use an e-cigarette or vaping device sometimes but I don't now | 4, I sometimes use an e-cigarette or vaping device now but less than once a week | 5, I usually use an e-cigarette or vaping device between one and six times a week | 6, I usually use an e-cigarette or vaping device more than six times a week",,,,,,,,LV,,,,
awb5_2_smokevape_prnt,module_3,,radio,"<div class=""rich-text-field-label""><p>Thinking about smoking/vaping at home:</p> <p>Do your parents/carers smoke/vape at all?</p></div>","1, Yes | 2, No",,,,,,,,LV,,,,
aw5_2_vape_prnt,module_3,,radio,"Does anyone smoke/vape indoors at home in rooms that you use?","1, Yes | 2, No",,,,,,,,LV,,,,
dummy_alcohol_header,module_3,,descriptive,"<div class=""rich-text-field-label""><h4>Alcohol</h4> <p><span style=""font-weight: normal;"">Remember, all of your responses are completely confidential. If you do not want to answer a question, you can skip it.</span></p></div>",,,,,,,,,,,,,
awb5_2_alcohol,module_3,,yesno,"<div class=""rich-text-field-label""><p>Have you ever had an alcoholic drink that is more than a few sips?</p> <p><span style=""font-weight: normal;"">A drink is half a pint of lager, beer or cider, one alcopop, a small glass of wine, or a measure of spirits</span></p></div>",,,,,,,,,LV,,,,
awb5_2y_alcohol_age,module_3,,text,"<div class=""rich-text-field-label""><p>How old were you when you first had an alcoholic drink?</p> <p><span style=""font-weight: normal;"">Age in years:</span></p></div>",,,integer,1,18,,"[awb5_2_alcohol] = '1'",,LV,,,,
awb5_2y_alcohol_frqncy,module_3,,radio,"<div class=""rich-text-field-label""><p>How many times have you had an alcoholic drink in the last 12 months?</p> <p><span style=""font-weight: normal;"">If you have had more than one alcoholic drink at a time, count this as one time.</span></p></div>","1, Never | 2, 1-2 times | 3, A few times | 4, Monthly | 5, Weekly | 6, More than once a week",,,,,,"[awb5_2_alcohol] = '1'",,LV,,,,
awb5_2y_alcohol_qntty,module_3,,radio,"<div class=""rich-text-field-label""><p>Have you ever had five or more alcoholic drinks at a time?</p> <p><span style=""font-weight: normal;"">A drink is half a pint of lager, beer or cider, one alcopop, a small glass of wine, or a measure of spirits.</span></p></div>","1, Yes | 2, No",,,,,,"[awb5_2_alcohol] = '1'",,LV,,,,
awb5_2_yalcohol_y_qntty_age,module_3,,text,"<div class=""rich-text-field-label""><p>How old were you when you first had five or more alcoholic drinks at a time?</p> <p><span style=""font-weight: normal;"">Age in years:</span></p></div>",,,integer,1,18,,"[awb5_2y_alcohol_qntty] = '1'",,LV,,,,
awb5_2_yalcohol_y_qntty_frqncy,module_3,,radio,"<div class=""rich-text-field-label""><p>How many times have you had five or more alcoholic drinks at a time in the last 12 months?</p></div>","1, Never | 2, 1-2 times | 3, A few times | 4, Monthly | 5, Weekly | 6, More than once a week",,,,,,"[awb5_2y_alcohol_qntty] = '1'",,LV,,,,
awb5_2y_alcohol_lctn,module_3,,checkbox,"<div class=""rich-text-field-label""><p>Have YOU got or bought alcoholic drinks at any of these places during the last 7 days?</p> <p><span style=""font-weight: normal;"">You may tick more than one answer</span></p></div>","1, I got my alcohol from my parents to drink with them | 2, I got my alcohol from my parents to drink with my friends | 3, I took/stole my alcohol from home | 4, I bought my alcohol from a supermarket | 5, I bought my alcohol from an off licence or other shop | 6, I got a stranger to buy alcohol for me from a supermarket | 7, I got a stranger to buy alcohol for me from an off licence or other shop | 8, I got a friend/sibling to buy alcohol for me | 9, I bought alcohol in a pub or club | 10, I got alcohol some other way (please describe)",,,,,,"[awb5_2_alcohol] = '1'",,LV,,,,
awb5_2y_alcohol_lctn_1,module_3,,text,"<div class=""rich-text-field-label""><p>I got alcohol some other way, please describe:</p></div>",,,,,,,"[awb5_2y_alcohol_lctn(10)] = '1'",,LV,,,," @WORDLIMIT=50"
awb5_2y_alcohol_whch_1,module_3,,checkbox,"Which of the following drinks have you had in the last 7 days?	","1, None | 2, Pre-mixed spirits ('alcopops') | 3, Beer or lager | 4, Spirits (vodka, whisky, rum, Baileys) | 5, Cider or perry | 6, Fortified wines (Martini, port, sherry) | 7, Wine | 8, Other (please describe)",,,,,,"[awb5_2_alcohol] = '1'",,LV,,,,
awb5_2y_alcohol_lctn_2,module_3,,text,"Other, please describe:",,,,,,,"[awb5_2y_alcohol_whch_1(8)] = '1'",,LV,,,," @WORDLIMIT=50"
awb5_2y_alcohol_prnts,module_3,,radio,"If you ever drink alcohol, do your parents/carers know?","1, I never drink alcohol | 2, My parents/carers always know | 3, My parents/carers usually know | 4, My parents/carers sometimes know | 5, My parents/carers never know",,,,,,"[awb5_2_alcohol] = '1'",,LV,,,,
awb5_2y_alcohol_drnk,module_3,,radio," When, if ever, were you last drunk?","1, I never drink alcohol | 2, I've never been drunk | 3, Last week | 4, In the last month | 5, In the last year | 6, More than a year ago","[hidden from v[5]]",,,,,"[awb5_2_alcohol] = '1'",,LV,,,," @HIDDEN @HIDDEN-PDF"
awb5_drugs,module_3,"<div class=""rich-text-field-label""><h4>Drugs</h4> <p><span style=""font-weight: normal;"">The next few questions are about drugs. This means drugs taken for fun (NOT including cigarettes, vape, and alcohol, or medication prescribed to you). Remember, all of your answers are completely confidential and if you do not want to answer a question, you can skip it.</span></p></div>",yesno,"<div class=""rich-text-field-label""><p>Have you ever taken drugs?</p></div>",,,,,,,,,LV,,,,
awb5_2_drugs_othrs,module_3,,radio,"<div class=""rich-text-field-label""><p>Do you know anyone personally who you think takes drugs?</p> <p><span style=""font-weight: normal;"">Not alcohol, tobacco or your own medicines</span></p></div>","1, No | 2, Not sure | 3, Fairly sure | 4, Certain","[hidden from v[5]]",,,,,,,LV,,,," @HIDDEN @HIDDEN-PDF"
awb5_2_drugs_1,module_3,,yesno,"<div class=""rich-text-field-label""><p>Have you ever taken any of the following?</p> <p>Cannabis (also called weed, marijuana, spliff, bud, zoot, whacky baccy, hash or edibles)</p></div>",,,,,,,"[awb5_drugs] = '1'",,LV,,,,
awb5_2_cannabis_pstyr,module_3,,radio,"<div class=""rich-text-field-label""><p>In the past year how many times have you taken cannabis?</p></div>","1, Once or twice | 2, Three of four times | 3, Five to ten times | 4, More than ten times | 5, Not taken in last year",,,,,,"[awb5_2_drugs_1] = '1'",,LV,,,,
awb5_2_drugs_2,module_3,,yesno,"<div class=""rich-text-field-label""><p>Have you ever taken any of the following?</p> <p>Cocaine powder (also called coke, cowie or sniff)</p></div>",,,,,,,"[awb5_drugs] = '1'",,LV,,,,
awb5_2_cocaine_pstyr,module_3,,radio,"<div class=""rich-text-field-label""><p>In the past year how many times have you taken cocaine?</p></div>","1, Once or twice | 2, Three of four times | 3, Five to ten times | 4, More than ten times | 5, Not taken in last year",,,,,,"[awb5_2_drugs_2] = '1'",,LV,,,,
awb5_2_drugs_3,module_3,,yesno,"<div class=""rich-text-field-label""><p>Have you ever taken any of the following?</p> <p>Acid or LSD (also called tabs)</p></div>",,,,,,,"[awb5_drugs] = '1'",,LV,,,,
awb5_2_acid_pstyr,module_3,,radio,"<div class=""rich-text-field-label""><p>In the past year how many times have you taken acid or LSD?</p></div>","1, Once or twice | 2, Three of four times | 3, Five to ten times | 4, More than ten times | 5, Not taken in last year",,,,,,"[awb5_2_drugs_3] = '1'",,LV,,,,
awb5_2_drugs_4,module_3,,yesno,"<div class=""rich-text-field-label""><p>Have you ever taken any of the following?</p> <p>Ecstasy (also called 'E', MDMA or pills)</p></div>",,,,,,,"[awb5_drugs] = '1'",,LV,,,,
awb5_2_ecstasy_pstyr,module_3,,radio,"<div class=""rich-text-field-label""><p>In the past year how many times have you taken ecstasy?</p></div>","1, Once or twice | 2, Three of four times | 3, Five to ten times | 4, More than ten times | 5, Not taken in last year",,,,,,"[awb5_2_drugs_4] = '1'",,LV,,,,
awb5_2_drugs_5,module_3,,yesno,"<div class=""rich-text-field-label""><p>Have you ever taken any of the following?</p> <p>Heroin (also called gear or smack)</p></div>",,,,,,,"[awb5_drugs] = '1'",,LV,,,,
awb5_2_heroin_pstyr,module_3,,radio,"<div class=""rich-text-field-label""><p>In the past year how many times have you taken heroin?</p></div>","1, Once or twice | 2, Three of four times | 3, Five to ten times | 4, More than ten times | 5, Not taken in last year",,,,,,"[awb5_2_drugs_5] = '1'",,LV,,,,
awb5_2_drugs_6,module_3,,yesno,"<div class=""rich-text-field-label""><p>Have you ever taken any of the following?</p> <p>Crack (also called rocks or stones)</p></div>",,,,,,,"[awb5_drugs] = '1'",,LV,,,,
awb5_2_crack_pstyr,module_3,,radio,"<div class=""rich-text-field-label""><p>In the past year how many times have you taken crack?</p></div>","1, Once or twice | 2, Three of four times | 3, Five to ten times | 4, More than ten times | 5, Not taken in last year",,,,,,"[awb5_2_drugs_6] = '1'",,LV,,,,
awb5_2_drugs_7,module_3,,yesno,"<div class=""rich-text-field-label""><p>Have you ever taken any of the following?</p> <p>Speed or Amphetamines, (also called whizz or phet)</p></div>",,,,,,,"[awb5_drugs] = '1'",,LV,,,,
awb5_2_speed_pstyr,module_3,,radio,"<div class=""rich-text-field-label""><p>In the past year how many times have you taken speed or amphetamines?</p></div>","1, Once or twice | 2, Three of four times | 3, Five to ten times | 4, More than ten times | 5, Not taken in last year",,,,,,"[awb5_2_drugs_7] = '1'",,LV,,,,
awb5_2_drugs_8,module_3,,yesno,"<div class=""rich-text-field-label""><p>Have you ever taken any of the following?</p> <p>Methamphetamine (also called crystal meth or meth)</p></div>",,,,,,,"[awb5_drugs] = '1'",,LV,,,,
awb5_2_meth_pstyr,module_3,,radio,"<div class=""rich-text-field-label""><p>In the past year how many times have you taken Methamphetamine?</p></div>","1, Once or twice | 2, Three of four times | 3, Five to ten times | 4, More than ten times | 5, Not taken in last year",,,,,,"[awb5_2_drugs_8] = '1'",,LV,,,,
awb5_2_drugs_9,module_3,,yesno,"<div class=""rich-text-field-label""><p>Have you ever taken any of the following?</p> <p>Semeron (also called sem)</p></div>",,,,,,,"[awb5_drugs] = '1'",,LV,,,,
awb5_2_smrn_pstyr_a5,module_3,,radio,"In the past year, how many times have you taken semeron?","1, Once or twice | 2, Three of four times | 3, Five to ten times | 4, More than ten times | 5, Not taken in last year",,,,,,"[awb5_2_drugs_9] = '1'",,LV,,,,
awb5_2_drugs_10,module_3,,yesno,"<div class=""rich-text-field-label""><p>Have you ever taken any of the following?</p> <p>Ketamine (also called ket)</p></div>",,,,,,,"[awb5_drugs] = '1'",,LV,,,,
awb5_2_ket_pstyr,module_3,,radio,"<div class=""rich-text-field-label""><p>In the past year how many times have you taken Ketamine?</p></div>","1, Once or twice | 2, Three of four times | 3, Five to ten times | 4, More than ten times | 5, Not taken in last year",,,,,,"[awb5_2_drugs_10] = '1'",,LV,,,,
awb5_2_drugs_11,module_3,,yesno,"<div class=""rich-text-field-label""><p>Have you ever taken any of the following?</p> <p>Mephedrone (also called M-cat)</p></div>",,,,,,,"[awb5_drugs] = '1'",,LV,,,,
awb5_2_mephedrone_pstyr,module_3,,radio,"<div class=""rich-text-field-label""><p>In the past year how many times have you taken Mephedrone?</p></div>","1, Once or twice | 2, Three of four times | 3, Five to ten times | 4, More than ten times | 5, Not taken in last year",,,,,,"[awb5_2_drugs_11] = '1'",,LV,,,,
awb5_2_drugs_12,module_3,,yesno,"<div class=""rich-text-field-label""><p>Have you ever taken any of the following?</p> <p>Spice</p></div>",,,,,,,"[awb5_drugs] = '1'",,LV,,,,
awb5_2_spice_pstyr,module_3,,radio,"<div class=""rich-text-field-label""><p>In the past year how many times have you taken spice?</p></div>","1, Once or twice | 2, Three of four times | 3, Five to ten times | 4, More than ten times | 5, Not taken in last year",,,,,,"[awb5_2_drugs_12] = '1'",,LV,,,,
awb5_2_drugs_13,module_3,,yesno,"<div class=""rich-text-field-label""><p>Have you ever taken any of the following?</p> <p>Magic mushrooms (also called shrooms)</p></div>",,,,,,,"[awb5_drugs] = '1'",,LV,,,,
awb5_2_mushrooms_pstyr,module_3,,radio,"<div class=""rich-text-field-label""><p>In the past year how many times have you taken magic mushrooms?</p></div>","1, Once or twice | 2, Three of four times | 3, Five to ten times | 4, More than ten times | 5, Not taken in last year",,,,,,"[awb5_2_drugs_13] = '1'",,LV,,,,
awb5_2_drugs_14,module_3,,yesno,"<div class=""rich-text-field-label""><p>Have you ever taken any of the following?</p> <p>Salvia</p></div>",,,,,,,"[awb5_drugs] = '1'",,LV,,,,
awb5_2_salvia_pstyr,module_3,,radio,"<div class=""rich-text-field-label""><p>In the past year how many times have you taken salvia?</p></div>","1, Once or twice | 2, Three of four times | 3, Five to ten times | 4, More than ten times | 5, Not taken in last year",,,,,,"[awb5_2_drugs_14] = '1'",,LV,,,,
awb5_2_drugs_15,module_3,,yesno,"<div class=""rich-text-field-label""><p>Have you ever taken any of the following?</p> <p>Nitrous oxide (also called nos/noz, laughing gas, balloons, nitty)</p></div>",,,,,,,"[awb5_drugs] = '1'",,LV,,,,
awb5_2_nitrous_pstyr,module_3,,radio,"<div class=""rich-text-field-label""><p>In the past year how many times have you taken nitrous oxide?</p></div>","1, Once or twice | 2, Three of four times | 3, Five to ten times | 4, More than ten times | 5, Not taken in last year",,,,,,"[awb5_2_drugs_15] = '1'",,LV,,,,
awb5_2_drugs_16,module_3,,yesno,"<div class=""rich-text-field-label""><p>Have you ever taken any of the following?</p> <p>Poppers (also called Liquid Gold or TNT)</p></div>",,,,,,,"[awb5_drugs] = '1'",,LV,,,,
awb5_2_poppers_pstyr,module_3,,radio,"<div class=""rich-text-field-label""><p>In the past year how many times have you taken poppers?</p></div>","1, Once or twice | 2, Three of four times | 3, Five to ten times | 4, More than ten times | 5, Not taken in last year",,,,,,"[awb5_2_drugs_16] = '1'",,LV,,,,
awb5_2_drugs_17,module_3,,yesno,"<div class=""rich-text-field-label""><p>Have you ever taken any of the following?</p> <p>Prescription drugs not prescribed to you (for example codeine, tramadol, morphine, benzos)</p></div>",,,,,,,"[awb5_drugs] = '1'",,LV,,,,
awb5_2_prescription_pstyr,module_3,,radio,"<div class=""rich-text-field-label""><p>In the past year how many times have you taken prescription drugs for recreational use?</p></div>","1, Once or twice | 2, Three of four times | 3, Five to ten times | 4, More than ten times | 5, Not taken in last year",,,,,,"[awb5_2_drugs_17] = '1'",,LV,,,,
awb5_2_gambling_1_a5,module_3,"<div class=""rich-text-field-label""><h4>Gambling</h4> <p><span style=""font-weight: normal;"">The next few questions are about gambling activities you might have taken part in. Gambling includes gaming, betting and lotteries. Remember, everything you tell us is confidential; no one at school will see your answers and if you do not want to answer a question, you can skip it.</span></p> <p><strong>Have you spent any of YOUR money on any of the following activities? </strong></p></div>",radio,"<div class=""rich-text-field-label""><p><span style=""font-weight: bold;"">Lotto (the main National Lottery draw)</span></p></div>","1, Yes, in the last 7 days | 2, Yes, in the last 4 weeks | 3, Yes, in the last 12 months | 4, Yes, more than 12 months ago | 5, No, never",,,,,,,,LV,,,,
awb5_2_gambling_2_a5,module_3,,radio,"<div class=""rich-text-field-label""><p><span style=""font-weight: bold;"">National Lottery Scratchcards which you bought in a shop (not free Scratchcards)</span></p></div>","1, Yes, in the last 7 days | 2, Yes, in the last 4 weeks | 3, Yes, in the last 12 months | 4, Yes, more than 12 months ago | 5, No, never",,,,,,,,LV,,,,
awb5_2_gambling_3_a5,module_3,,radio,"<div class=""rich-text-field-label""><p><span style=""font-weight: bold;"">National Lottery instant win games on the internet (e.g. National Lottery Gamestore)</span></p></div>","1, Yes, in the last 7 days | 2, Yes, in the last 4 weeks | 3, Yes, in the last 12 months | 4, Yes, more than 12 months ago | 5, No, never",,,,,,,,LV,,,,
awb5_2_gambling_4_a5,module_3,,radio,"<div class=""rich-text-field-label""><p><span style=""font-weight: bold;"">Any other National Lottery games (e.g. EuroMillions, Thunderball, HotPicks, Set For Life)</span></p></div>","1, Yes, in the last 7 days | 2, Yes, in the last 4 weeks | 3, Yes, in the last 12 months | 4, Yes, more than 12 months ago | 5, No, never",,,,,,,,LV,,,,
awb5_2_gambling_5_a5,module_3,,radio,"<div class=""rich-text-field-label""><p><span style=""font-weight: bold;"">Other Lotteries (e.g. The Health Lottery, People's Postcode Lottery, or other smaller lotteries)</span></p></div>","1, Yes, in the last 7 days | 2, Yes, in the last 4 weeks | 3, Yes, in the last 12 months | 4, Yes, more than 12 months ago | 5, No, never",,,,,,,,LV,,,,
awb5_2_gambling_6_a5,module_3,,radio,"<div class=""rich-text-field-label""><p><span style=""font-weight: bold;"">Fruit or slot machines (e.g. at an arcade, pub or social club)</span></p></div>","1, Yes, in the last 7 days | 2, Yes, in the last 4 weeks | 3, Yes, in the last 12 months | 4, Yes, more than 12 months ago | 5, No, never",,,,,,,,LV,,,,
awb5_2_gambling_7_a5,module_3,,radio,"<div class=""rich-text-field-label""><p>Placing a private bet for money (e.g. with friends or family)","1, Yes, in the last 7 days | 2, Yes, in the last 4 weeks | 3, Yes, in the last 12 months | 4, Yes, more than 12 months ago | 5, No, never",,,,,,,,LV,,,,
awb5_2_gambling_8_a5,module_3,,radio,"<div class=""rich-text-field-label""><p>Playing cards for money (e.g. with friends or family)","1, Yes, in the last 7 days | 2, Yes, in the last 4 weeks | 3, Yes, in the last 12 months | 4, Yes, more than 12 months ago | 5, No, never",,,,,,,,LV,,,,
awb5_2_gambling_9_a5,module_3,,radio,"<div class=""rich-text-field-label""><p>Bingo at a bingo club","1, Yes, in the last 7 days | 2, Yes, in the last 4 weeks | 3, Yes, in the last 12 months | 4, Yes, more than 12 months ago | 5, No, never",,,,,,,,LV,,,,
awb5_2_gambling_10_a5,module_3,,radio,"<div class=""rich-text-field-label""><p>Bingo at somewhere other than a bingo club (e.g. social club, holiday park, etc.)","1, Yes, in the last 7 days | 2, Yes, in the last 4 weeks | 3, Yes, in the last 12 months | 4, Yes, more than 12 months ago | 5, No, never",,,,,,,,LV,,,,
awb5_2_gambling_11_a5,module_3,,radio,"<div class=""rich-text-field-label""><p>Personally visiting a betting shop to play gaming machines","1, Yes, in the last 7 days | 2, Yes, in the last 4 weeks | 3, Yes, in the last 12 months | 4, Yes, more than 12 months ago | 5, No, never",,,,,,,,LV,,,,
awb5_2_gambling_12_a5,module_3,,radio,"<div class=""rich-text-field-label""><p>Personally placing a bet at a betting shop (e.g. on football, dog racing or horse racing)","1, Yes, in the last 7 days | 2, Yes, in the last 4 weeks | 3, Yes, in the last 12 months | 4, Yes, more than 12 months ago | 5, No, never",,,,,,,,LV,,,,
awb5_2_gambling_13_a5,module_3,,radio,"<div class=""rich-text-field-label""><p>Personally visiting a casino to play casino games (by this we mean a proper casino with roulette tables)","1, Yes, in the last 7 days | 2, Yes, in the last 4 weeks | 3, Yes, in the last 12 months | 4, Yes, more than 12 months ago | 5, No, never",,,,,,,,LV,,,,
awb5_2_gambling_14_a5,module_3,,radio,"<div class=""rich-text-field-label""><p>Gambling websites/apps where you can win real money (e.g. poker, casinos, bingo, betting on sport or racing)","1, Yes, in the last 7 days | 2, Yes, in the last 4 weeks | 3, Yes, in the last 12 months | 4, Yes, more than 12 months ago | 5, No, never",,,,,,,,LV,,,,
awb5_2_gambling_pstyr1_a5,module_3,,radio,"<div class=""rich-text-field-label""><p class=""Default""><strong>In the past 12 months has your gambling ever led to arguments with family/friends or others?</strong></p></div>","1, My gambling has never led to this | 2, Once or twice | 3, Sometimes | 4, Often | 5, Prefer not to say",,,,,,"([awb5_2_gambling_1_a5] > 0 and [awb5_2_gambling_1_a5] < 4) or ([awb5_2_gambling_2_a5] > 0 and [awb5_2_gambling_2_a5] < 4) or ([awb5_2_gambling_3_a5] > 0 and [awb5_2_gambling_3_a5] < 4) or ([awb5_2_gambling_4_a5] > 0 and [awb5_2_gambling_4_a5] < 4) or ([awb5_2_gambling_5_a5] > 0 and [awb5_2_gambling_5_a5] < 4) or ([awb5_2_gambling_6_a5] > 0 and [awb5_2_gambling_6_a5] < 4) or ([awb5_2_gambling_7_a5] > 0 and [awb5_2_gambling_7_a5] < 4) or ([awb5_2_gambling_8_a5] > 0 and [awb5_2_gambling_8_a5] < 4) or ([awb5_2_gambling_9_a5] > 0 and [awb5_2_gambling_9_a5] < 4) or ([awb5_2_gambling_10_a5] > 0 and [awb5_2_gambling_10_a5] < 4) or ([awb5_2_gambling_11_a5] > 0 and [awb5_2_gambling_11_a5] < 4) or ([awb5_2_gambling_12_a5] > 0 and [awb5_2_gambling_12_a5] < 4) or  ([awb5_2_gambling_13_a5] > 0 and [awb5_2_gambling_13_a5] < 4) or ([awb5_2_gambling_14_a5] > 0 and [awb5_2_gambling_14_a5] < 4)",,LV,,,,
awb5_2_gambling_pstyr2_a5,module_3,,radio,"<div class=""rich-text-field-label""><p class=""Default""><strong>In the past 12 months has your gambling ever led to telling lies to family/friends or others?</strong></p></div>","1, My gambling has never led to this | 2, Once or twice | 3, Sometimes | 4, Often | 5, Prefer not to say",,,,,,"([awb5_2_gambling_1_a5] > 0 and [awb5_2_gambling_1_a5] < 4) or ([awb5_2_gambling_2_a5] > 0 and [awb5_2_gambling_2_a5] < 4) or ([awb5_2_gambling_3_a5] > 0 and [awb5_2_gambling_3_a5] < 4) or ([awb5_2_gambling_4_a5] > 0 and [awb5_2_gambling_4_a5] < 4) or ([awb5_2_gambling_5_a5] > 0 and [awb5_2_gambling_5_a5] < 4) or ([awb5_2_gambling_6_a5] > 0 and [awb5_2_gambling_6_a5] < 4) or ([awb5_2_gambling_7_a5] > 0 and [awb5_2_gambling_7_a5] < 4) or ([awb5_2_gambling_8_a5] > 0 and [awb5_2_gambling_8_a5] < 4) or ([awb5_2_gambling_9_a5] > 0 and [awb5_2_gambling_9_a5] < 4) or ([awb5_2_gambling_10_a5] > 0 and [awb5_2_gambling_10_a5] < 4) or ([awb5_2_gambling_11_a5] > 0 and [awb5_2_gambling_11_a5] < 4) or ([awb5_2_gambling_12_a5] > 0 and [awb5_2_gambling_12_a5] < 4) or  ([awb5_2_gambling_13_a5] > 0 and [awb5_2_gambling_13_a5] < 4) or ([awb5_2_gambling_14_a5] > 0 and [awb5_2_gambling_14_a5] < 4)",,LV,,,,
awb5_2_gambling_pstyr3_a5,module_3,,radio,"<div class=""rich-text-field-label""><p class=""Default""><strong>In the past 12 months has your gambling ever led to missing school?</strong></p></div>","1, My gambling has never led to this | 2, Once or twice | 3, Sometimes | 4, Often | 5, Prefer not to say",,,,,,"([awb5_2_gambling_1_a5] > 0 and [awb5_2_gambling_1_a5] < 4) or ([awb5_2_gambling_2_a5] > 0 and [awb5_2_gambling_2_a5] < 4) or ([awb5_2_gambling_3_a5] > 0 and [awb5_2_gambling_3_a5] < 4) or ([awb5_2_gambling_4_a5] > 0 and [awb5_2_gambling_4_a5] < 4) or ([awb5_2_gambling_5_a5] > 0 and [awb5_2_gambling_5_a5] < 4) or ([awb5_2_gambling_6_a5] > 0 and [awb5_2_gambling_6_a5] < 4) or ([awb5_2_gambling_7_a5] > 0 and [awb5_2_gambling_7_a5] < 4) or ([awb5_2_gambling_8_a5] > 0 and [awb5_2_gambling_8_a5] < 4) or ([awb5_2_gambling_9_a5] > 0 and [awb5_2_gambling_9_a5] < 4) or ([awb5_2_gambling_10_a5] > 0 and [awb5_2_gambling_10_a5] < 4) or ([awb5_2_gambling_11_a5] > 0 and [awb5_2_gambling_11_a5] < 4) or ([awb5_2_gambling_12_a5] > 0 and [awb5_2_gambling_12_a5] < 4) or  ([awb5_2_gambling_13_a5] > 0 and [awb5_2_gambling_13_a5] < 4) or ([awb5_2_gambling_14_a5] > 0 and [awb5_2_gambling_14_a5] < 4)",,LV,,,,
awb5_2_tkn_mny_a5,module_3,,checkbox,"In the past 12 months have you ever taken money from any of the following without permission to spend on gambling?","1, I have never taken money without permission to spend on gambling | 2, Dinner money or fare money | 3, Money from family | 4, Money from things you have sold | 5, Money from outside the family | 6, Somewhere else | 7, Prefer not to say","hidden from v8",,,,,"([awb5_2_gambling_1_a5] > 0 and [awb5_2_gambling_1_a5] < 4) or ([awb5_2_gambling_2_a5] > 0 and [awb5_2_gambling_2_a5] < 4) or ([awb5_2_gambling_3_a5] > 0 and [awb5_2_gambling_3_a5] < 4) or ([awb5_2_gambling_4_a5] > 0 and [awb5_2_gambling_4_a5] < 4) or ([awb5_2_gambling_5_a5] > 0 and [awb5_2_gambling_5_a5] < 4) or ([awb5_2_gambling_6_a5] > 0 and [awb5_2_gambling_6_a5] < 4) or ([awb5_2_gambling_7_a5] > 0 and [awb5_2_gambling_7_a5] < 4) or ([awb5_2_gambling_8_a5] > 0 and [awb5_2_gambling_8_a5] < 4) or ([awb5_2_gambling_9_a5] > 0 and [awb5_2_gambling_9_a5] < 4) or ([awb5_2_gambling_10_a5] > 0 and [awb5_2_gambling_10_a5] < 4) or ([awb5_2_gambling_11_a5] > 0 and [awb5_2_gambling_11_a5] < 4) or ([awb5_2_gambling_12_a5] > 0 and [awb5_2_gambling_12_a5] < 4) or  ([awb5_2_gambling_13_a5] > 0 and [awb5_2_gambling_13_a5] < 4) or ([awb5_2_gambling_14_a5] > 0 and [awb5_2_gambling_14_a5] < 4)",,LV,,,," @HIDDEN
@HIDDEN-PDF
hidden from v8"
awb5_2_tkn_mny_r8,module_3,,checkbox,"In the past 12 months have you ever taken money from any of the following without permission to spend on gambling?","1, I have never taken money without permission to spend on gambling | 2, Dinner money or fare money | 3, Money from family | 4, Money from things you have sold | 5, Money from outside the family | 6, Somewhere else | 7, Prefer not to say",,,,,,"([awb5_2_gambling_1_a5] > 0 and [awb5_2_gambling_1_a5] < 4) or ([awb5_2_gambling_2_a5] > 0 and [awb5_2_gambling_2_a5] < 4) or ([awb5_2_gambling_3_a5] > 0 and [awb5_2_gambling_3_a5] < 4) or ([awb5_2_gambling_4_a5] > 0 and [awb5_2_gambling_4_a5] < 4) or ([awb5_2_gambling_5_a5] > 0 and [awb5_2_gambling_5_a5] < 4) or ([awb5_2_gambling_6_a5] > 0 and [awb5_2_gambling_6_a5] < 4) or ([awb5_2_gambling_7_a5] > 0 and [awb5_2_gambling_7_a5] < 4) or ([awb5_2_gambling_8_a5] > 0 and [awb5_2_gambling_8_a5] < 4) or ([awb5_2_gambling_9_a5] > 0 and [awb5_2_gambling_9_a5] < 4) or ([awb5_2_gambling_10_a5] > 0 and [awb5_2_gambling_10_a5] < 4) or ([awb5_2_gambling_11_a5] > 0 and [awb5_2_gambling_11_a5] < 4) or ([awb5_2_gambling_12_a5] > 0 and [awb5_2_gambling_12_a5] < 4) or  ([awb5_2_gambling_13_a5] > 0 and [awb5_2_gambling_13_a5] < 4) or ([awb5_2_gambling_14_a5] > 0 and [awb5_2_gambling_14_a5] < 4)",,LV,,,,
dummy_gambling_a5_header,module_3,,descriptive,"As far as you know, has anyone in your immediate family (parent, siblings, other relatives you live with or someone else who is responsible for looking after you) spent money on any of these activities in the last 12 months?",,,,,,,,,,,,,
awb5_2_fam_spend1_a5,module_3,,radio,"Lotto (the main National Lottery draw) or any other National Lottery scratchcards or games","1, Yes, in the last 12 months | 2, No, more than 12 months ago | 3, Never, as far as you know | 4, Don't know | 5, Prefer not to say",,,,,,,,LV,,,,
awb5_2_fam_spend2_a5,module_3,,radio,"Fruit or slot machines (e.g. at an arcade, pub or social club) ","1, Yes, in the last 12 months | 2, No, more than 12 months ago | 3, Never, as far as you know | 4, Don't know | 5, Prefer not to say",,,,,,,,LV,,,,
awb5_2_fam_spend3_a5,module_3,,radio,"Visiting a betting shop to play gaming machines ","1, Yes, in the last 12 months | 2, No, more than 12 months ago | 3, Never, as far as you know | 4, Don't know | 5, Prefer not to say",,,,,,,,LV,,,,
awb5_2_fam_spend4_a5,module_3,,radio,"Placing a bet at a betting shop (e.g. on football, dog racing or horse racing) ","1, Yes, in the last 12 months | 2, No, more than 12 months ago | 3, Never, as far as you know | 4, Don't know | 5, Prefer not to say",,,,,,,,LV,,,,
awb5_2_fam_spend5_a5,module_3,,radio,"Bingo at a bingo club ","1, Yes, in the last 12 months | 2, No, more than 12 months ago | 3, Never, as far as you know | 4, Don't know | 5, Prefer not to say",,,,,,,,LV,,,,
awb5_2_fam_spend6_a5,module_3,,radio,"Bingo at somewhere other than a bingo club (e.g. social club, holiday park, etc.) ","1, Yes, in the last 12 months | 2, No, more than 12 months ago | 3, Never, as far as you know | 4, Don't know | 5, Prefer not to say",,,,,,,,LV,,,,
awb5_2_fam_spend7_a5,module_3,,radio,"Visiting a casino to play casino games (by this we mean a proper casino with roulette tables) ","1, Yes, in the last 12 months | 2, No, more than 12 months ago | 3, Never, as far as you know | 4, Don't know | 5, Prefer not to say",,,,,,,,LV,,,,
awb5_2_fam_spend8_a5,module_3,,radio,"Gambling websites/apps where you can win real money (e.g. poker, casinos, bingo, betting on sport or racing) ","1, Yes, in the last 12 months | 2, No, more than 12 months ago | 3, Never, as far as you know | 4, Don't know | 5, Prefer not to say",,,,,,,,LV,,,,
awb5_2_fam_spend9_a5,module_3,,radio,"Any other gambling for money or things worth money","1, Yes, in the last 12 months | 2, No, more than 12 months ago | 3, Never, as far as you know | 4, Don't know | 5, Prefer not to say",,,,,,,,LV,,,,
dummy_onln_gam_q_header,module_3,,descriptive,"<div class=""rich-text-field-label""><h4><span style=""font-weight: normal;"">Online Gambling</span></h4> <p><span style=""font-weight: normal;"">The next question is about online gambling-style games. Online gambling-style games look and play like normal gambling games - for example roulette, poker, slot machines, and bingo - but you cannot win real money (e.g. Zynga Poker, Slots Farm, Bingo Blitz).</span></p></div>",,,,,,,,,,,,,
awb5_2_online_gamb1_a5,module_3,,radio,"<div class=""rich-text-field-label""><p>When, if ever, did you last play an online gambling-style game?</p></div>","1, In the past 7 days | 2, In the past 4 weeks | 3, In the past 12 months | 4, Longer than 12 months ago | 5, I have never played online gambling-style games | 6, Don't know",,,,,,,,LV,,,,
awb5_2_online_gamb2_a5,module_3,,checkbox,"<div class=""rich-text-field-label""><p>If you ticked yes to playing an online gambling-style game, how did you play these? <span style=""font-weight: normal;"">Remember these are games where you cannot win real money.</span></p></div>","1, Using Facebook or other social networking website | 2, Using Facebook or other social networking apps | 3, Free demo games on gambling websites | 4, Free demo games on gambling apps | 5, Using another type of app on a smartphone or tablet | 6, On another website | 7, Another way | 8, Don't know/ can't remember",,,,,,"[awb5_2_online_gamb1_a5] = '1' or [awb5_2_online_gamb1_a5] = '2' or [awb5_2_online_gamb1_a5] = '3' or [awb5_2_online_gamb1_a5] = '4'",,LV,,,,
dummy_onln_gam2_q_header,module_3,,descriptive,"<div class=""rich-text-field-label""><h4>Online Games</h4> <p><span style=""font-weight: normal;"">When playing video games on a computer, console, streaming or mobile app (e.g. Fortnite, FIFA, , Roblox, Candy Crush) it is sometimes possible to collect in-game items (e.g. skins, clothes, weapons, accessories, players).</span></p></div>",,,,,,,,,,,,,
awb5_2_online_gamb3_a5,module_3,,checkbox,"<div class=""rich-text-field-label""><p>In which, if any, of the following ways have you personally ever used in-game items or currency?</p></div>","1, Paid money (or used virtual currency you have bought) to buy specific in-game items (e.g. skins, clothes, weapons, players) | 2, Paid money (or used virtual currency you have bought) to open loot boxes/packs/chests to get other in-game items (e.g. skins, clothes, weapons, players) | 3, Bet with in-game items on websites outside of the game you are playing | 4, None of these",,,,,,,,LV,,,,
awb5_2_gambling_1,module_3,,yesno,"<div class=""rich-text-field-label""><p>Have you spent any of your own money on any of the following in the past 12 months? We want to know about games you played yourself.</p> <p>Placing a private bet for money (e.g. with friends)?</p></div>",,"[hidden from v[5]]",,,,,,,LV,,,," @HIDDEN @HIDDEN-PDF"
awb5_2_gambling_2,module_3,,yesno,"<div class=""rich-text-field-label""><p>Have you spent any of your own money on any of the following in the past 12 months? We want to know about games you played yourself.</p> <p>Purchased a loot box (or similar) in a video game (i.e. a box or pack containing a prize of unknown value. For example, skins, in-game equipment, ",,"[hidden from v[5]]",,,,,,,LV,,,," @HIDDEN @HIDDEN-PDF"
awb5_2_gambling_3,module_3,,yesno,"<div class=""rich-text-field-label""><p>Have you spent any of your own money on any of the following in the past 12 months? We want to know about games you played yourself.</p> <p>Any other gambling (e.g. online gambling)?</p></div>",,"[hidden from v[5]]",,,,,,,LV,,,," @HIDDEN @HIDDEN-PDF"
awb5_2_gambling_money_1,module_3,,radio,"<div class=""rich-text-field-label""><p>How much do you think you have spent in total on the following in the last 12 months?</p> <p>Placing a private bet for money (e.g. with friends)?</p></div>","1, <","[hidden from v[5]]",,,,,"[awb5_2_gambling_1] = '1'",,LV,,,," @HIDDEN @HIDDEN-PDF"
awb5_2_gambling_money_2,module_3,,radio,"<div class=""rich-text-field-label""><p>How much do you think you have spent in total on the following in the last 12 months?</p> <p>Purchased a loot box in a video game?</p></div>","1, <","[hidden from v[5]]",,,,,"[awb5_2_gambling_2] = '1'",,LV,,,," @HIDDEN @HIDDEN-PDF"
awb5_2_gambling_money_3,module_3,,radio,"<div class=""rich-text-field-label""><p>How much do you think you have spent in total on the following in the last 12 months?</p> <p>Any other gambling (e.g. online gambling)?</p></div>","1, <","[hidden from v[5]]",,,,,"[awb5_2_gambling_3] = '1'",,LV,,,," @HIDDEN @HIDDEN-PDF"
awb_5_gambling,module_3,,radio,"<div class=""rich-text-field-label""><p>Have you spent any of your own money on gambling in the last 7 days?</p> <p><span style=""font-weight: normal;"">Gambling includes: National Lottery draw, Scratchcards or instant win games; Other Lotteries; Fruit or slot machines; Placing a private bet for money (e.g. with friends or family); Playing cards for money (e.g. with friends or family); Bingo at a bingo club or somewhere else; Personally visiting a betting shop to play gaming machines; Personally placing a bet at a betting shop; Personally visiting a casino to play casino games; Gambling websites/apps where you can win real money; Any other gambling.</span></p></div>","1, Yes | 2, No | 3, Prefer not to say","[hidden from v[5]]",,,,,,,LV,,,," @HIDDEN @HIDDEN-PDF"
awb5_2_gambling_prnts,module_3,,radio,"Do your parents know when you are gambling?","1, I don't gamble | 2, Never | 3, Sometimes | 4, Usually | 5, Always","[hidden from v[5]]",,,,,"[awb_5_gambling] = '1'",,LV,,,," @HIDDEN @HIDDEN-PDF"
awb5_2_worried,module_3,,radio,"<div class=""rich-text-field-label""><p style=""margin-left: 0cm;"">Over the past year, how often, if at all, have you worried about your own gambling?</p></div>","1, Never | 2, Rarely | 3, Sometimes | 4, Often | 5, All the time | 6, Don't know | 7, Prefer not to say","[hidden from v[5]]",,,,,"[awb_5_gambling] = '1'",,LV,,,," @HIDDEN @HIDDEN-PDF"
awb5_2_worried_2,module_3,,radio,"<div class=""rich-text-field-label""><p style=""margin-left: 0cm;"">Over the past year, how often, if at all, have you needed to gamble with more and more money to get the amount of excitement you want?</p></div>","1, Never | 2, Rarely | 3, Sometimes | 4, Often | 5, All the time | 6, Don't know | 7, Prefer not to say","[hidden from v[5]]",,,,,"[awb_5_gambling] = '1'",,LV,,,," @HIDDEN @HIDDEN-PDF"
awb5_2_worried_3,module_3,,radio,"<div class=""rich-text-field-label""><p style=""margin-left: 0cm;"">Over the past year, how often, if at all, have you","1, Never | 2, Rarely | 3, Sometimes | 4, Often | 5, All the time | 6, Don't know | 7, Prefer not to say","[hidden from v[5]]",,,,,"[awb_5_gambling] = '1'",,LV,,,," @HIDDEN @HIDDEN-PDF"
awb5_2_worried_4,module_3,,radio,"<div class=""rich-text-field-label""><p style=""margin-left: 0cm;"">Over the past year, how often, if at all, have you argued with family or friends about your own gambling?</p></div>","1, Never | 2, Rarely | 3, Sometimes | 4, Often | 5, All the time | 6, Don't know | 7, Prefer not to say","[hidden from v[5]]",,,,,"[awb_5_gambling] = '1'",,LV,,,," @HIDDEN @HIDDEN-PDF"
awb5_2_worried_5,module_3,,radio,"<div class=""rich-text-field-label""><p style=""margin-left: 0cm;"">Over the past year, how often, if at all, have you lied to family or friends about your own gambling?</p></div>","1, Never | 2, Rarely | 3, Sometimes | 4, Often | 5, All the time | 6, Don't know | 7, Prefer not to say","[hidden from v[5]]",,,,,"[awb_5_gambling] = '1'",,LV,,,," @HIDDEN @HIDDEN-PDF"
awb5_gambling_family,module_3,,radio,"<div class=""rich-text-field-label""><p>Over the past year, how often, if at all, have you worried about the gambling of a family member or someone who is responsible for looking after you?</p></div>","1, Never | 2, Rarely | 3, Sometimes | 4, Often | 5, All the time | 6, Don't know | 7, Prefer not to say","[hidden from v[5]]",,,,,,,LV,,,," @HIDDEN @HIDDEN-PDF"
awb5_2y_knife,module_3,"<div class=""rich-text-field-label""><h4>Knives and Gangs</h4> <p><span style=""font-weight: normal;"">In this part of the survey, you will be asked questions about gang activities. Remember, your response is confidential and you won't get into trouble for any of your answers. If you do not want to answer a question, you may skip it.",radio,"<div class=""rich-text-field-label""><p>In the last 12 months have you carried a knife or other weapon?</p> <p><span style=""font-weight: normal;"">For your own protection, because someone else asked you to or in case you get into a fight</span></p></div>","1, Yes | 2, No",,,,,,,,LV,,,,
awb5_2y_gang,module_3,,radio,"<div class=""rich-text-field-label""><p>Are you a member of a gang?</p> <p><span style=""font-weight: normal;"">A street gang is a group of young people who hang around together and: have a specific area or territory; have a name, a colour or something else to identify the group; possibly have rules or a leader; who may commit crimes together.</span></p></div>","1, Yes | 2, No | 3, I used to be a member but not any more",,,,,,,,LV,,,,
dummy_police_header,module_3,,descriptive,"<div class=""rich-text-field-label""><h4>Police Contact</h4> <p><span style=""font-weight: normal;"">In this part of the survey, you will be asked questions about your experiences with the police. Remember, your response is confidential and nobody will know how you have answered. If you do not want to answer a question, you can skip it.</span></p></div>",,,,,,,,,,,,,
awb5_2_contactpolice_1,module_3,,yesno,"<div class=""rich-text-field-label""><p>Have you ever been stopped and questioned by the police?</p></div>",,,,,,,,,LV,,,,
awb5_2_contactpolice_2,module_3,,yesno,"<div class=""rich-text-field-label""><p>Have you ever been given a formal warning or caution by a police officer?</p></div>",,,,,,,,,LV,,,,
awb5_2_contactpolice_3,module_3,,yesno,"<div class=""rich-text-field-label""><p>Have you ever been arrested by a police officer and taken to a police station?</p></div>",,,,,,,,,LV,,,,
awb5_2y_gang_6,module_3,,radio,"Have you appeared in court because you were accused of a crime? ","1, Yes | 2, No",,,,,,,,LV,,,,
awb5_2y_gang_5,module_3,,radio,"Were you found guilty or not guilty?","1, Guilty | 2, Not guilty",,,,,,"[awb5_2y_gang_6] = '1'",,LV,,,,
dummy_service_header,module_3,,descriptive,"<div class=""rich-text-field-label""><h4>Awareness of Services</h4></div>",,,,,,,,,,,,," @HIDDEN @HIDDEN-PDF"
awb5_2_services_1,module_3,,radio,"<div class=""rich-text-field-label""><p>Which of the following best describes your awareness of these services?</p> <p>Stop smoking service.</p></div>","1, I have no idea about this | 2, I have heard about this | 3, I know where to go for this | 4, I have used this.","[hidden from v[5]]",,,,,,,LV,,,," @HIDDEN @HIDDEN-PDF"
awb5_2_services_2,module_3,,radio,"<div class=""rich-text-field-label""><p>Which of the following best describes your awareness of these services?</p> <p>Step2/Young People Health Project.</p></div>","1, I have no idea about this | 2, I have heard about this | 3, I know where to go for this | 4, I have used this.","[hidden from v[5]]",,,,,,,LV,,,," @HIDDEN @HIDDEN-PDF"
awb5_2_services_3,module_3,,radio,"<div class=""rich-text-field-label""><p>Which of the following best describes your awareness of these services?</p> <p>C-card or other free condom scheme.</p></div>","1, I have no idea about this | 2, I have heard about this | 3, I know where to go for this | 4, I have used this.","[hidden from v[5]]",,,,,,,LV,,,," @HIDDEN @HIDDEN-PDF"
awb5_2_services_4,module_3,,radio,"<div class=""rich-text-field-label""><p>Which of the following best describes your awareness of these services?</p> <p>Contraception and sexual health service for young people.</p></div>","1, I have no idea about this | 2, I have heard about this | 3, I know where to go for this | 4, I have used this.","[hidden from v[5]]",,,,,,,LV,,,," @HIDDEN @HIDDEN-PDF"
awb5_2_services_5,module_3,,radio,"<div class=""rich-text-field-label""><p>Which of the following best describes your awareness of these services?</p> <p>Drug and alcohol service for young people.</p></div>","1, I have no idea about this | 2, I have heard about this | 3, I know where to go for this | 4, I have used this.","[hidden from v[5]]",,,,,,,LV,,,," @HIDDEN @HIDDEN-PDF"
awb5_2_services_6,module_3,,radio,"<div class=""rich-text-field-label""><p>Which of the following best describes your awareness of these services?</p> <p>Childline (telephone helpline).</p></div>","1, I have no idea about this | 2, I have heard about this | 3, I know where to go for this | 4, I have used this.","[hidden from v[5]]",,,,,,,LV,,,," @HIDDEN @HIDDEN-PDF"
awb5_2_services_7,module_3,,radio,"<div class=""rich-text-field-label""><p>Which of the following best describes your awareness of these services?</p> <p>Kooth (online counselling and support for young people)","1, I have no idea about this | 2, I have heard about this | 3, I know where to go for this | 4, I have used this.","[hidden from v[5]]",,,,,,,LV,,,," @HIDDEN @HIDDEN-PDF"
awb4_1_physical_actvty_1_a5,module_3,"<div class=""rich-text-field-label""><h3>Final Section: Physical Health II</h3> <p> </p> <h4>Physical Activity</h4> <p><span style=""font-weight: normal;"">We are asking about your level of physical activity from the last 7 days (in the last week). This includes sport or dance that makes you sweat, makes your legs feel tired, or makes you breathe hard. For example, running, football, cycling, etc.</span></p></div>",radio,"<div class=""rich-text-field-label""><p>In the last 7 days, on how many mornings did you actively travel to school?</p> <p><span style=""font-weight: normal;"">For example walking, cycling, scootering, and skateboarding","1, None | 2, 1 time last week | 3, 2 or 3 times last week | 4, 4 times last week | 5, 5 times last week",,,,,,,,LV,,,,
awb4_1_physical_actvty_2_a5,module_3,,radio,"<div class=""rich-text-field-label""><p>In the last 7 days, during your <span style=""text-decoration: underline;"">physical education</span> (PE) classes, how often were you very active (playing hard, running, jumping, throwing)?</p> <p>","1, I don't do PE | 2, Hardly ever | 3, Sometimes | 4, Quite often | 5, Always",,,,,,,,LV,,,,
awb4_1_physical_actvty_3_a5,module_3,,radio,"<div class=""rich-text-field-label""><p>In the last 7 days, what did you normally do at <span style=""text-decoration: underline;"">lunch</span> (besides eating lunch)?</p> <p>","1, Sat down (talking, reading, doing schoolwork) | 2, Stood around or walked around | 3, Ran or played a little bit | 4, Ran around and played quite a bit | 5, Ran and played hard most of the time",,,,,,,,LV,,,,
awb4_1_physical_actvty_4_a5,module_3,,radio,"<div class=""rich-text-field-label""><p>In the last 7 days, what did you normally do at <span style=""text-decoration: underline;"">break time</span>?</p> <p>","1, Sat down (talking, reading, doing schoolwork) | 2, Stood around or walked around | 3, Ran or played a little bit | 4, Ran around and played quite a bit | 5, Ran and played hard most of the time",,,,,,,,LV,,,,
awb4_1_physical_actvty_5_a5,module_3,,radio,"<div class=""rich-text-field-label""><p>In the last 7 days, on how many afternoons did you actively travel (for example, walking, cyclicing, scootering, and skateboarding) <span style=""text-decoration: underline;"">from school</span>?</p></div>","1, None | 2, 1 time last week | 3, 2 or 3 times last week | 4, 4 times last week | 5, 5 times last week",,,,,,,,LV,,,,
awb4_1_physical_actvty_6_a5,module_3,,radio,"<div class=""rich-text-field-label""><p>In the last 7 days, on how many days <span style=""text-decoration: underline;"">right after school</span>, did you do sports, dance, or play games in which you were very active?","1, None | 2, 1 time last week | 3, 2 or 3 times last week | 4, 4 times last week | 5, 5 times last week",,,,,,,,LV,,,,
awb4_1_physical_actvty_7_a5,module_3,,radio,"<div class=""rich-text-field-label""><p>In the last 7 days, on how many <span style=""text-decoration: underline;"">evenings</span> did you do sports, dance, or play games in which you were very active?</p></div>","1, None | 2, 1 time last week | 3, 2 or 3 times last week | 4, 4 or 5 times last week | 5, 6 or 7 times last week",,,,,,,,LV,,,,
awb4_1_physical_actvty_8_a5,module_3,,radio,"<div class=""rich-text-field-label""><p>On the <span style=""text-decoration: underline;"">last weekend</span>, how many times did you do sports, dance, or play games in which you were very active?</p></div>","1, None | 2, 1 time | 3, 2 - 3 times | 4, 4 - 5 times | 5, 6 or more times",,,,,,,,LV,,,,
awb4_1_sick_a5,module_3,,radio,"<div class=""rich-text-field-label""><p>Were you <span style=""text-decoration: underline;"">sick</span> last week, or did anything prevent you from doing your normal physical activities?</p></div>","1, Yes | 2, No",,,,,,,,LV,,,,
awb4_1y_sick_a5,module_3,,text,"<div class=""rich-text-field-label""><p>What prevented you?</p></div>",,,,,,,"[awb4_1_sick_a5] = '1'",,LV,,,," @WORDLIMIT=25"
dummy_sedact_header,module_3,,descriptive,"<div class=""rich-text-field-label""><h4>Sedentary Activity</h4> <p><span style=""font-weight: normal;"">These questions are about sedentary activity <u>out of school</u>. Sedentary activity means activity sitting or lying down, including things like watching TV, playing video games, and using a mobile phone. </span></p> <p>Please select how long you usually spend doing the following activities:</p></div>",,,,,,,,,,,,,
awb4_2_outside_schl_1_a5,module_3,,radio,"<div class=""rich-text-field-label""><p>Watching TV<span style=""font-weight: normal;""> </span>outside of school time</p> <p><span style=""font-weight: normal;"">This includes time spent watching TV programmes, movies or sports but NOT time spent playing video games</span></p></div>","1, Did not do | 2, Less than 1 hour per day | 3, 1 to 2 hours per day | 4, 2 to 3 hours per day | 5, 3 hours per day or more","hidden from v7",,,,,,,LV,,,," @HIDDEN @HIDDEN-PDF
hidden from v7"
awb4_2_outside_schl_1_r7,module_3,,radio,"<div class=""rich-text-field-label""><p>Watching TV<span style=""font-weight: normal;""> </span>outside of school time</p> <p><span style=""font-weight: normal;"">This includes time spent watching TV programmes, movies or sports but NOT time spent playing video games</span></p></div>","1, Did not do | 2, Less than 1 hour per day | 3, 1 to 2 hours per day | 4, 2 to 3 hours per day | 5, 3 hours per day or more",,,,,,,,LV,,,,
awb4_2_outside_schl_2_a5,module_3,,radio,"<div class=""rich-text-field-label""><p><span style=""font-weight: normal;""><strong>Playing video games </strong></span>outside of school time</p> <p><span style=""font-weight: normal;"">This includes games on things like Nintendo DS, wii, Xbox, PlayStation, iPod Touch, iPad, or games on your PC and phone</span></p></div>","1, Did not do | 2, Less than 1 hour per day | 3, 1 to 2 hours per day | 4, 2 to 3 hours per day | 5, 3 hours per day or more","hidden from v7",,,,,,,LV,,,," @HIDDEN @HIDDEN-PDF
hidden from v7"
awb4_2_outside_schl_2_r7,module_3,,radio,"<div class=""rich-text-field-label""><p><span style=""font-weight: normal;""><strong>Playing video games </strong></span>outside of school time</p> <p><span style=""font-weight: normal;"">This includes games on things like Nintendo DS, wii, Xbox, PlayStation, iPod Touch, iPad, or games on your PC and phone</span></p></div>","1, Did not do | 2, Less than 1 hour per day | 3, 1 to 2 hours per day | 4, 2 to 3 hours per day | 5, 3 hours per day or more",,,,,,,,LV,,,,
awb4_2_outside_schl_3_a5,module_3,,radio,"<div class=""rich-text-field-label""><p><span style=""font-weight: normal;""><strong>Using Computers or tablets o</strong></span>utside of school time</p> <p><span style=""font-weight: normal;"">This doesn't include homework time and playing online video games or computer games, but does include time on things like Instagram and Facebook, as well as time spent on the internet, and messaging like whatsapp</span></p></div>","1, Did not do | 2, Less than 1 hour per day | 3, 1 to 2 hours per day | 4, 2 to 3 hours per day | 5, 3 hours per day or more","hidden from v7",,,,,,,LV,,,," @HIDDEN @HIDDEN-PDF
hidden from v7"
awb4_2_outside_schl_3_r7,module_3,,radio,"<div class=""rich-text-field-label""><p><span style=""font-weight: normal;""><strong>Using Computers or tablets o</strong></span>utside of school time</p> <p><span style=""font-weight: normal;"">This doesn't include homework time and playing online video games or computer games, but does include time on things like Instagram and Facebook, as well as time spent on the internet, and messaging like whatsapp</span></p></div>","1, Did not do | 2, Less than 1 hour per day | 3, 1 to 2 hours per day | 4, 2 to 3 hours per day | 5, 3 hours per day or more",,,,,,,,LV,,,,
awb4_2_outside_schl_4_a5,module_3,,radio,"<div class=""rich-text-field-label""><p><span style=""font-weight: normal;""><strong>Using a mobile phon</strong></span><strong>e a</strong>fter school</p> <p><span style=""font-weight: normal;"">This includes time spent talking, texting, or using things like social media but does not include playing games</span></p></div>","1, Did not do | 2, Less than 1 hour per day | 3, 1 to 2 hours per day | 4, 2 to 3 hours per day | 5, 3 hours per day or more",,,,,,,,LV,,,," @HIDDEN @HIDDEN-PDF
hidden from v7"
awb4_2_outside_schl_4_r7,module_3,,radio,"<div class=""rich-text-field-label""><p><span style=""font-weight: normal;""><strong>Using a mobile phon</strong></span><strong>e a</strong>fter school</p> <p><span style=""font-weight: normal;"">This includes time spent talking, texting, or using things like social media but does not include playing games</span></p></div>","1, Did not do | 2, Less than 1 hour per day | 3, 1 to 2 hours per day | 4, 2 to 3 hours per day | 5, 3 hours per day or more",,,,,,,,LV,,,,
awb4_2_overall_a5,module_3,,radio,"<div class=""rich-text-field-label""><p>Which of the following best describes your <span style=""text-decoration: underline;"">typical</span> sedentary habits at home?</p> <p><span style=""font-weight: normal;"">Try to think about a typical week and not just last week</span></p></div>","1, I spend almost none of my free time sitting | 2, I spend little time sitting during my free time | 3, I spend about half of my free time sitting | 4, I spend a lot of time sitting during my free time | 5, I spend almost all of my free time sitting",,,,,,,,LV,,,,
dummy_sleepa5_header,module_3,,descriptive,"<div class=""rich-text-field-label""><h4>Sleep</h4> <p style=""margin-bottom: .0001pt; line-height: normal;""><span style=""font-weight: normal;"">We would like to know about the time you go to sleep and wake up. Please think about the last 7 days when answering these questions.</span></p></div>",,,,,,,,,,,,,
awb4_3_times2_a5,module_3,,dropdown,"On school nights, what time do you typically fall asleep at?","1, 00:00 | 2, 00:15 | 3, 00:30 | 4, 00:45 | 5, 01:00 | 6, 01:15 | 7, 01:30 | 8, 01:45 | 9, 02:00 | 10, 02:15 | 11, 02:30 | 12, 02:45 | 13, 03:00 | 14, 03:15 | 15, 03:30 | 16, 03:45 | 17, 04:00 | 18, 04:15 | 19, 04:30 | 20, 04:45 | 21, 05:00 | 22, 05:15 | 23, 05:30 | 24, 05:45 | 25, 06:00 | 26, 06:15 | 27, 06:30 | 28, 06:45 | 29, 07:00 | 30, 07:15 | 31, 07:30 | 32, 07:45 | 33, 08:00 | 34, 08:15 | 35, 08:30 | 36, 08:45 | 37, 09:00 | 38, 09:15 | 39, 09:30 | 40, 09:45 | 41, 10:00 | 42, 10:15 | 43, 10:30 | 44, 10:45 | 45, 11:00 | 46, 11:15 | 47, 11:30 | 48, 11:45 | 49, 12:00 | 50, 12:15 | 51, 12:30 | 52, 12:45 | 53, 13:00 | 54, 13:15 | 55, 13:30 | 56, 13:45 | 57, 14:00 | 58, 14:15 | 59, 14:30 | 60, 14:45 | 61, 15:00 | 62, 15:15 | 63, 15:30 | 64, 15:45 | 65, 16:00 | 66, 16:15 | 67, 16:30 | 68, 16:45 | 69, 17:00 | 70, 17:15 | 71, 17:30 | 72, 17:45 | 73, 18:00 | 74, 18:15 | 75, 18:30 | 76, 18:45 | 77, 19:00 | 78, 19:15 | 79, 19:30 | 80, 19:45 | 81, 20:00 | 82, 20:15 | 83, 20:30 | 84, 20:45 | 85, 21:00 | 86, 21:15 | 87, 21:30 | 88, 21:45 | 89, 22:00 | 90, 22:15 | 91, 22:30 | 92, 22:45 | 93, 23:00 | 94, 23:15 | 95, 23:30 | 96, 23:45",,,,,,,,LV,,,,
awb4_3_times3_a5,module_3,,dropdown,"On school nights, what time do you typically wake up for the day at?","1, 00:00 | 2, 00:15 | 3, 00:30 | 4, 00:45 | 5, 01:00 | 6, 01:15 | 7, 01:30 | 8, 01:45 | 9, 02:00 | 10, 02:15 | 11, 02:30 | 12, 02:45 | 13, 03:00 | 14, 03:15 | 15, 03:30 | 16, 03:45 | 17, 04:00 | 18, 04:15 | 19, 04:30 | 20, 04:45 | 21, 05:00 | 22, 05:15 | 23, 05:30 | 24, 05:45 | 25, 06:00 | 26, 06:15 | 27, 06:30 | 28, 06:45 | 29, 07:00 | 30, 07:15 | 31, 07:30 | 32, 07:45 | 33, 08:00 | 34, 08:15 | 35, 08:30 | 36, 08:45 | 37, 09:00 | 38, 09:15 | 39, 09:30 | 40, 09:45 | 41, 10:00 | 42, 10:15 | 43, 10:30 | 44, 10:45 | 45, 11:00 | 46, 11:15 | 47, 11:30 | 48, 11:45 | 49, 12:00 | 50, 12:15 | 51, 12:30 | 52, 12:45 | 53, 13:00 | 54, 13:15 | 55, 13:30 | 56, 13:45 | 57, 14:00 | 58, 14:15 | 59, 14:30 | 60, 14:45 | 61, 15:00 | 62, 15:15 | 63, 15:30 | 64, 15:45 | 65, 16:00 | 66, 16:15 | 67, 16:30 | 68, 16:45 | 69, 17:00 | 70, 17:15 | 71, 17:30 | 72, 17:45 | 73, 18:00 | 74, 18:15 | 75, 18:30 | 76, 18:45 | 77, 19:00 | 78, 19:15 | 79, 19:30 | 80, 19:45 | 81, 20:00 | 82, 20:15 | 83, 20:30 | 84, 20:45 | 85, 21:00 | 86, 21:15 | 87, 21:30 | 88, 21:45 | 89, 22:00 | 90, 22:15 | 91, 22:30 | 92, 22:45 | 93, 23:00 | 94, 23:15 | 95, 23:30 | 96, 23:45",,,,,,,,LV,,,,
awb4_3_times4_a5,module_3,,dropdown,"On non-school nights, what time do you typically fall asleep at?","1, 00:00 | 2, 00:15 | 3, 00:30 | 4, 00:45 | 5, 01:00 | 6, 01:15 | 7, 01:30 | 8, 01:45 | 9, 02:00 | 10, 02:15 | 11, 02:30 | 12, 02:45 | 13, 03:00 | 14, 03:15 | 15, 03:30 | 16, 03:45 | 17, 04:00 | 18, 04:15 | 19, 04:30 | 20, 04:45 | 21, 05:00 | 22, 05:15 | 23, 05:30 | 24, 05:45 | 25, 06:00 | 26, 06:15 | 27, 06:30 | 28, 06:45 | 29, 07:00 | 30, 07:15 | 31, 07:30 | 32, 07:45 | 33, 08:00 | 34, 08:15 | 35, 08:30 | 36, 08:45 | 37, 09:00 | 38, 09:15 | 39, 09:30 | 40, 09:45 | 41, 10:00 | 42, 10:15 | 43, 10:30 | 44, 10:45 | 45, 11:00 | 46, 11:15 | 47, 11:30 | 48, 11:45 | 49, 12:00 | 50, 12:15 | 51, 12:30 | 52, 12:45 | 53, 13:00 | 54, 13:15 | 55, 13:30 | 56, 13:45 | 57, 14:00 | 58, 14:15 | 59, 14:30 | 60, 14:45 | 61, 15:00 | 62, 15:15 | 63, 15:30 | 64, 15:45 | 65, 16:00 | 66, 16:15 | 67, 16:30 | 68, 16:45 | 69, 17:00 | 70, 17:15 | 71, 17:30 | 72, 17:45 | 73, 18:00 | 74, 18:15 | 75, 18:30 | 76, 18:45 | 77, 19:00 | 78, 19:15 | 79, 19:30 | 80, 19:45 | 81, 20:00 | 82, 20:15 | 83, 20:30 | 84, 20:45 | 85, 21:00 | 86, 21:15 | 87, 21:30 | 88, 21:45 | 89, 22:00 | 90, 22:15 | 91, 22:30 | 92, 22:45 | 93, 23:00 | 94, 23:15 | 95, 23:30 | 96, 23:45",,,,,,,,LV,,,,
awb4_3_times5_a5,module_3,,dropdown,"On non-school nights, what time do you typically wake up for the day at?","1, 00:00 | 2, 00:15 | 3, 00:30 | 4, 00:45 | 5, 01:00 | 6, 01:15 | 7, 01:30 | 8, 01:45 | 9, 02:00 | 10, 02:15 | 11, 02:30 | 12, 02:45 | 13, 03:00 | 14, 03:15 | 15, 03:30 | 16, 03:45 | 17, 04:00 | 18, 04:15 | 19, 04:30 | 20, 04:45 | 21, 05:00 | 22, 05:15 | 23, 05:30 | 24, 05:45 | 25, 06:00 | 26, 06:15 | 27, 06:30 | 28, 06:45 | 29, 07:00 | 30, 07:15 | 31, 07:30 | 32, 07:45 | 33, 08:00 | 34, 08:15 | 35, 08:30 | 36, 08:45 | 37, 09:00 | 38, 09:15 | 39, 09:30 | 40, 09:45 | 41, 10:00 | 42, 10:15 | 43, 10:30 | 44, 10:45 | 45, 11:00 | 46, 11:15 | 47, 11:30 | 48, 11:45 | 49, 12:00 | 50, 12:15 | 51, 12:30 | 52, 12:45 | 53, 13:00 | 54, 13:15 | 55, 13:30 | 56, 13:45 | 57, 14:00 | 58, 14:15 | 59, 14:30 | 60, 14:45 | 61, 15:00 | 62, 15:15 | 63, 15:30 | 64, 15:45 | 65, 16:00 | 66, 16:15 | 67, 16:30 | 68, 16:45 | 69, 17:00 | 70, 17:15 | 71, 17:30 | 72, 17:45 | 73, 18:00 | 74, 18:15 | 75, 18:30 | 76, 18:45 | 77, 19:00 | 78, 19:15 | 79, 19:30 | 80, 19:45 | 81, 20:00 | 82, 20:15 | 83, 20:30 | 84, 20:45 | 85, 21:00 | 86, 21:15 | 87, 21:30 | 88, 21:45 | 89, 22:00 | 90, 22:15 | 91, 22:30 | 92, 22:45 | 93, 23:00 | 94, 23:15 | 95, 23:30 | 96, 23:45",,,,,,,,LV,,,,
awb4_3_nap_a5,module_3,,radio,"Do you ever take naps during the day?","1, Never | 2, Rarely | 3, Sometimes | 4, Often",,,,,,,,LV,,,,
awb4_3_alert_tod_a5,module_3,,radio,"<div class=""rich-text-field-label""><p><span style=""font-weight: normal;"">Some people feel more active and alert at certain times of the day.</span> <br /><br />Please indicate which best describes you:</p></div>","1, Much more  active and alert in the morning | 2, A little bit more active and alert in the morning | 3, About the same in the morning and evening | 4, A little bit more active and alert in the evening | 5, Much more active and alert in the evening",,,,,,,,LV,,,,
awb4_3_fall_asleep_a5,module_3,,radio,"When you're in bed and the lights are turned off...","1, You fall asleep quickly | 2, You stay awake for a while | 3, It takes you a long time to fall asleep",,,,,,,,LV,,,,
awb4_3_wake_drng_nght_a5,module_3,,radio,"Do you wake up during the night?","1, Rarely | 2, Sometimes | 3, Often","hidden from v7",,,,,,,LV,,,,
awb4_3_wake_drng_nght2_a5,module_3,,radio,"When you wake up during the night...","1, You fall asleep quickly | 2, You stay awake for a while | 3, It takes you a long time to fall asleep",,,,,,,,LV,,,," @HIDDEN @HIDDEN-PDF
hidden from v7"
awb4_3_wake_drng_nght2_r7,module_3,,radio,"When you wake up during the night...","1, You fall asleep quickly | 2, You stay awake for a while | 3, It takes you a long time to fall asleep",,,,,,,,LV,,,,
awb4_3_sleep_well_nght_a5,module_3,,radio,"Do you sleep well at night? ","1, No | 2, Sometimes | 3, Yes, always",,,,,,,,LV,,,,
awb4_3_sleep_drngday_a5,module_3,,radio,"How likely are you to feel sleepy during the day?","1, Rarely | 2, Sometimes | 3, Often",,,,,,,,LV,,,,
